[{"model": "shop.product", "pk": 1, "fields": {"name": "PS 5 Pro Version", "price": "57999.00", "description": "", "created_at": "2024-10-08T15:42:57.229Z"}}, {"model": "shop.product", "pk": 2, "fields": {"name": "PS-5 Slim Version", "price": "54990.00", "description": "", "created_at": "2024-10-09T05:30:26.760Z"}}, {"model": "shop.product", "pk": 3, "fields": {"name": "PS-5 Normal Version", "price": "45999.00", "description": "", "created_at": "2024-10-09T05:30:56.158Z"}}, {"model": "shop.product", "pk": 4, "fields": {"name": "PS 4 Pro Version", "price": "35999.00", "description": "", "created_at": "2024-10-09T05:31:19.213Z"}}, {"model": "shop.product", "pk": 5, "fields": {"name": "PS 4 Slim Version", "price": "30999.00", "description": "", "created_at": "2024-10-09T05:31:36.871Z"}}, {"model": "shop.product", "pk": 6, "fields": {"name": "PS 4 Normal Version", "price": "26999.00", "description": "", "created_at": "2024-10-09T05:32:00.301Z"}}, {"model": "shop.product", "pk": 7, "fields": {"name": "XBOX Series X", "price": "57999.00", "description": "", "created_at": "2024-10-09T05:32:32.870Z"}}, {"model": "shop.product", "pk": 8, "fields": {"name": "XBOX 360", "price": "54900.00", "description": "", "created_at": "2024-10-09T05:33:03.309Z"}}, {"model": "shop.product", "pk": 9, "fields": {"name": "XBOX 360 Slim Version", "price": "50990.00", "description": "", "created_at": "2024-10-09T05:33:19.654Z"}}, {"model": "shop.product", "pk": 10, "fields": {"name": "XBOX One X Version", "price": "35999.00", "description": "", "created_at": "2024-10-09T05:33:59.896Z"}}, {"model": "shop.product", "pk": 11, "fields": {"name": "XBOX Series S Bundle", "price": "30999.00", "description": "", "created_at": "2024-10-09T05:34:23.256Z"}}, {"model": "shop.product", "pk": 12, "fields": {"name": "New Horizons Skin", "price": "40000.00", "description": "", "created_at": "2024-10-09T05:34:28.776Z"}}, {"model": "shop.product", "pk": 13, "fields": {"name": "Dialga & Palkia Skin", "price": "40000.00", "description": "", "created_at": "2024-10-09T05:34:48.797Z"}}, {"model": "shop.product", "pk": 14, "fields": {"name": "Nintendo Labo", "price": "45999.00", "description": "", "created_at": "2024-10-09T05:35:02.559Z"}}, {"model": "shop.product", "pk": 15, "fields": {"name": "Hyrule Edition Lite", "price": "35999.00", "description": "", "created_at": "2024-10-09T05:35:16.278Z"}}, {"model": "shop.product", "pk": 16, "fields": {"name": "Super Smash Bros Ultimate", "price": "40999.00", "description": "", "created_at": "2024-10-09T05:35:29.146Z"}}, {"model": "shop.product", "pk": 17, "fields": {"name": "Cosmic Byte C3070W", "price": "17999.00", "description": "", "created_at": "2024-10-09T05:35:47.705Z"}}, {"model": "shop.product", "pk": 18, "fields": {"name": "CLAW Shoot Wired", "price": "14900.00", "description": "", "created_at": "2024-10-09T05:36:46.827Z"}}, {"model": "shop.product", "pk": 19, "fields": {"name": "EasySMX Wireless", "price": "15999.00", "description": "", "created_at": "2024-10-09T05:37:01.638Z"}}, {"model": "shop.product", "pk": 20, "fields": {"name": "Xbox Elite Series-2", "price": "35999.00", "description": "", "created_at": "2024-10-09T05:37:22.462Z"}}, {"model": "shop.product", "pk": 21, "fields": {"name": "Logitech G F710", "price": "20999.00", "description": "", "created_at": "2024-10-09T05:37:35.459Z"}}, {"model": "shop.product", "pk": 22, "fields": {"name": "Xspark Keyboard", "price": "2999.00", "description": "", "created_at": "2024-10-09T05:38:12.199Z"}}, {"model": "shop.product", "pk": 23, "fields": {"name": "ZEBRONICS OPTIMUS", "price": "1900.00", "description": "", "created_at": "2024-10-09T05:38:28.882Z"}}, {"model": "shop.product", "pk": 24, "fields": {"name": "Arch Keyboard", "price": "1999.00", "description": "", "created_at": "2024-10-09T05:38:44.495Z"}}, {"model": "shop.product", "pk": 25, "fields": {"name": "HyperX Alloy Core", "price": "1599.00", "description": "", "created_at": "2024-10-09T05:38:58.468Z"}}, {"model": "shop.product", "pk": 26, "fields": {"name": "Asus Keyboard", "price": "1999.00", "description": "", "created_at": "2024-10-09T05:39:13.573Z"}}, {"model": "shop.product", "pk": 27, "fields": {"name": "Razor Blackshark HeadSet", "price": "7999.00", "description": "", "created_at": "2024-10-09T05:39:28.487Z"}}, {"model": "shop.product", "pk": 28, "fields": {"name": "Asus Rog Headset", "price": "14900.00", "description": "", "created_at": "2024-10-09T05:39:54.072Z"}}, {"model": "shop.product", "pk": 29, "fields": {"name": "Boat-518 Headphones", "price": "10999.00", "description": "", "created_at": "2024-10-09T05:40:20.777Z"}}, {"model": "shop.product", "pk": 30, "fields": {"name": "Bengoo G900 Headset", "price": "9999.00", "description": "", "created_at": "2024-10-09T05:40:33.791Z"}}, {"model": "shop.product", "pk": 31, "fields": {"name": "OZEINO GAMING HEADSET", "price": "10999.00", "description": "", "created_at": "2024-10-09T05:40:49.160Z"}}, {"model": "shop.product", "pk": 32, "fields": {"name": "Zeb Jet Pro Headset", "price": "13999.00", "description": "", "created_at": "2024-10-09T05:41:10.479Z"}}, {"model": "shop.contact", "pk": 1, "fields": {"name": "VIRAJ PRABHU", "rating": 5.0, "email": "vir7@gmail.com", "phone": "9661862326", "desc": "what a website", "date": "2024-09-18"}}, {"model": "shop.contact", "pk": 2, "fields": {"name": "Vernon", "rating": 4.25, "email": "vernon@gmail.com", "phone": "123456789", "desc": "this is a django website", "date": "2024-09-19"}}, {"model": "shop.contact", "pk": 41, "fields": {"name": "Ghrani Poojari", "rating": 4.78, "email": "ghrani@gmail.com", "phone": "657195293", "desc": "Coolest Website Ever", "date": "2024-10-06"}}, {"model": "shop.contact", "pk": 46, "fields": {"name": "ghrani", "rating": 3.5, "email": "ghrani@gmail.com", "phone": "232569465", "desc": "what a great website for gaming products", "date": "2024-10-09"}}, {"model": "shop.contact", "pk": 51, "fields": {"name": "viraj", "rating": 4.0, "email": "vir7@gmail.com", "phone": "31354535", "desc": "wow", "date": "2024-11-07"}}, {"model": "shop.cart", "pk": 50, "fields": {"user": 1, "product": 1, "name": "PS 5 Pro Version", "price": "57999.00", "quantity": 1, "fixed_id": 1}}, {"model": "shop.cart", "pk": 51, "fields": {"user": 1, "product": 2, "name": "PS-5 Slim Version", "price": "54990.00", "quantity": 1, "fixed_id": 2}}, {"model": "shop.order", "pk": 41, "fields": {"user": 1, "created_at": "2024-10-23T09:40:13.079Z"}}, {"model": "shop.order", "pk": 42, "fields": {"user": 1, "created_at": "2024-10-24T09:44:21.606Z"}}, {"model": "shop.order", "pk": 44, "fields": {"user": 1, "created_at": "2024-10-30T03:57:47.467Z"}}, {"model": "shop.order", "pk": 45, "fields": {"user": 1, "created_at": "2024-10-30T04:13:49.085Z"}}, {"model": "shop.order", "pk": 46, "fields": {"user": 1, "created_at": "2024-11-06T15:11:59.741Z"}}, {"model": "shop.order", "pk": 47, "fields": {"user": 1, "created_at": "2024-11-06T16:34:18.739Z"}}, {"model": "shop.order", "pk": 48, "fields": {"user": 1, "created_at": "2024-11-07T01:08:45.714Z"}}, {"model": "shop.order", "pk": 49, "fields": {"user": 1, "created_at": "2024-11-07T05:25:48.394Z"}}, {"model": "shop.cartitem", "pk": 49, "fields": {"order": 41, "name": "PS-5 Slim Version", "price": "54990.00", "quantity": 1}}, {"model": "shop.cartitem", "pk": 50, "fields": {"order": 42, "name": "PS 4 Slim Version", "price": "30999.00", "quantity": 1}}, {"model": "shop.cartitem", "pk": 53, "fields": {"order": 44, "name": "PS 5 Pro Version", "price": "57999.00", "quantity": 2}}, {"model": "shop.cartitem", "pk": 54, "fields": {"order": 45, "name": "PS 5 Pro Version", "price": "57999.00", "quantity": 2}}, {"model": "shop.cartitem", "pk": 55, "fields": {"order": 46, "name": "PS-5 Slim Version", "price": "54990.00", "quantity": 2}}, {"model": "shop.cartitem", "pk": 56, "fields": {"order": 47, "name": "PS 4 Normal Version", "price": "26999.00", "quantity": 3}}, {"model": "shop.cartitem", "pk": 57, "fields": {"order": 48, "name": "PS-5 Normal Version", "price": "45999.00", "quantity": 1}}, {"model": "shop.cartitem", "pk": 58, "fields": {"order": 48, "name": "PS 5 Pro Version", "price": "57999.00", "quantity": 1}}, {"model": "shop.cartitem", "pk": 59, "fields": {"order": 49, "name": "XBOX 360", "price": "54900.00", "quantity": 1}}, {"model": "admin.logentry", "pk": 1, "fields": {"action_time": "2024-09-18T18:39:31.757Z", "user": 1, "content_type": 9, "object_id": "90", "object_repr": "Watermelon", "action_flag": 3, "change_message": ""}}, {"model": "admin.logentry", "pk": 2, "fields": {"action_time": "2024-09-18T18:39:31.757Z", "user": 1, "content_type": 9, "object_id": "89", "object_repr": "Mint Leaves", "action_flag": 3, "change_message": ""}}, {"model": "admin.logentry", "pk": 3, "fields": {"action_time": "2024-09-18T18:39:31.757Z", "user": 1, "content_type": 9, "object_id": "88", "object_repr": "Nescafe Latte", "action_flag": 3, "change_message": ""}}, {"model": "admin.logentry", "pk": 4, "fields": {"action_time": "2024-09-18T18:39:31.757Z", "user": 1, "content_type": 9, "object_id": "87", "object_repr": "Elaichi", "action_flag": 3, "change_message": ""}}, {"model": "admin.logentry", "pk": 5, "fields": {"action_time": "2024-09-18T18:39:31.757Z", "user": 1, "content_type": 9, "object_id": "86", "object_repr": "Bread", "action_flag": 3, "change_message": ""}}, {"model": "admin.logentry", "pk": 6, "fields": {"action_time": "2024-09-18T18:39:31.757Z", "user": 1, "content_type": 9, "object_id": "85", "object_repr": "Watermelon", "action_flag": 3, "change_message": ""}}, {"model": "admin.logentry", "pk": 7, "fields": {"action_time": "2024-09-18T18:39:31.757Z", "user": 1, "content_type": 9, "object_id": "84", "object_repr": "Mint Leaves", "action_flag": 3, "change_message": ""}}, {"model": "admin.logentry", "pk": 8, "fields": {"action_time": "2024-09-18T18:39:31.757Z", "user": 1, "content_type": 9, "object_id": "83", "object_repr": "Nescafe Latte", "action_flag": 3, "change_message": ""}}, {"model": "admin.logentry", "pk": 9, "fields": {"action_time": "2024-09-18T18:39:31.757Z", "user": 1, "content_type": 9, "object_id": "82", "object_repr": "Elaichi", "action_flag": 3, "change_message": ""}}, {"model": "admin.logentry", "pk": 10, "fields": {"action_time": "2024-09-18T18:39:31.757Z", "user": 1, "content_type": 9, "object_id": "81", "object_repr": "Bread", "action_flag": 3, "change_message": ""}}, {"model": "admin.logentry", "pk": 11, "fields": {"action_time": "2024-09-18T18:39:31.757Z", "user": 1, "content_type": 9, "object_id": "80", "object_repr": "Watermelon", "action_flag": 3, "change_message": ""}}, {"model": "admin.logentry", "pk": 12, "fields": {"action_time": "2024-09-18T18:39:31.757Z", "user": 1, "content_type": 9, "object_id": "79", "object_repr": "Mint Leaves", "action_flag": 3, "change_message": ""}}, {"model": "admin.logentry", "pk": 13, "fields": {"action_time": "2024-09-18T18:39:31.757Z", "user": 1, "content_type": 9, "object_id": "78", "object_repr": "Nescafe Latte", "action_flag": 3, "change_message": ""}}, {"model": "admin.logentry", "pk": 14, "fields": {"action_time": "2024-09-18T18:39:31.757Z", "user": 1, "content_type": 9, "object_id": "77", "object_repr": "Elaichi", "action_flag": 3, "change_message": ""}}, {"model": "admin.logentry", "pk": 15, "fields": {"action_time": "2024-09-18T18:39:31.757Z", "user": 1, "content_type": 9, "object_id": "76", "object_repr": "Bread", "action_flag": 3, "change_message": ""}}, {"model": "admin.logentry", "pk": 16, "fields": {"action_time": "2024-09-18T18:39:31.757Z", "user": 1, "content_type": 9, "object_id": "75", "object_repr": "Watermelon", "action_flag": 3, "change_message": ""}}, {"model": "admin.logentry", "pk": 17, "fields": {"action_time": "2024-09-18T18:39:31.757Z", "user": 1, "content_type": 9, "object_id": "74", "object_repr": "Mint Leaves", "action_flag": 3, "change_message": ""}}, {"model": "admin.logentry", "pk": 18, "fields": {"action_time": "2024-09-18T18:39:31.757Z", "user": 1, "content_type": 9, "object_id": "73", "object_repr": "Nescafe Latte", "action_flag": 3, "change_message": ""}}, {"model": "admin.logentry", "pk": 19, "fields": {"action_time": "2024-09-18T18:39:31.757Z", "user": 1, "content_type": 9, "object_id": "72", "object_repr": "Elaichi", "action_flag": 3, "change_message": ""}}, {"model": "admin.logentry", "pk": 20, "fields": {"action_time": "2024-09-18T18:39:31.757Z", "user": 1, "content_type": 9, "object_id": "71", "object_repr": "Bread", "action_flag": 3, "change_message": ""}}, {"model": "admin.logentry", "pk": 21, "fields": {"action_time": "2024-09-18T18:39:31.757Z", "user": 1, "content_type": 9, "object_id": "70", "object_repr": "Watermelon", "action_flag": 3, "change_message": ""}}, {"model": "admin.logentry", "pk": 22, "fields": {"action_time": "2024-09-18T18:39:31.757Z", "user": 1, "content_type": 9, "object_id": "69", "object_repr": "Mint Leaves", "action_flag": 3, "change_message": ""}}, {"model": "admin.logentry", "pk": 23, "fields": {"action_time": "2024-09-18T18:39:31.757Z", "user": 1, "content_type": 9, "object_id": "68", "object_repr": "Nescafe Latte", "action_flag": 3, "change_message": ""}}, {"model": "admin.logentry", "pk": 24, "fields": {"action_time": "2024-09-18T18:39:31.757Z", "user": 1, "content_type": 9, "object_id": "67", "object_repr": "Elaichi", "action_flag": 3, "change_message": ""}}, {"model": "admin.logentry", "pk": 25, "fields": {"action_time": "2024-09-18T18:39:31.757Z", "user": 1, "content_type": 9, "object_id": "66", "object_repr": "Bread", "action_flag": 3, "change_message": ""}}, {"model": "admin.logentry", "pk": 26, "fields": {"action_time": "2024-09-18T18:39:31.757Z", "user": 1, "content_type": 9, "object_id": "65", "object_repr": "Watermelon", "action_flag": 3, "change_message": ""}}, {"model": "admin.logentry", "pk": 27, "fields": {"action_time": "2024-09-18T18:39:31.757Z", "user": 1, "content_type": 9, "object_id": "64", "object_repr": "Mint Leaves", "action_flag": 3, "change_message": ""}}, {"model": "admin.logentry", "pk": 28, "fields": {"action_time": "2024-09-18T18:39:31.757Z", "user": 1, "content_type": 9, "object_id": "63", "object_repr": "Nescafe Latte", "action_flag": 3, "change_message": ""}}, {"model": "admin.logentry", "pk": 29, "fields": {"action_time": "2024-09-18T18:39:31.757Z", "user": 1, "content_type": 9, "object_id": "62", "object_repr": "Elaichi", "action_flag": 3, "change_message": ""}}, {"model": "admin.logentry", "pk": 30, "fields": {"action_time": "2024-09-18T18:39:31.757Z", "user": 1, "content_type": 9, "object_id": "61", "object_repr": "Bread", "action_flag": 3, "change_message": ""}}, {"model": "admin.logentry", "pk": 31, "fields": {"action_time": "2024-09-18T18:39:31.757Z", "user": 1, "content_type": 9, "object_id": "60", "object_repr": "Watermelon", "action_flag": 3, "change_message": ""}}, {"model": "admin.logentry", "pk": 32, "fields": {"action_time": "2024-09-18T18:39:31.757Z", "user": 1, "content_type": 9, "object_id": "59", "object_repr": "Mint Leaves", "action_flag": 3, "change_message": ""}}, {"model": "admin.logentry", "pk": 33, "fields": {"action_time": "2024-09-18T18:39:31.757Z", "user": 1, "content_type": 9, "object_id": "58", "object_repr": "Nescafe Latte", "action_flag": 3, "change_message": ""}}, {"model": "admin.logentry", "pk": 34, "fields": {"action_time": "2024-09-18T18:39:31.757Z", "user": 1, "content_type": 9, "object_id": "57", "object_repr": "Elaichi", "action_flag": 3, "change_message": ""}}, {"model": "admin.logentry", "pk": 35, "fields": {"action_time": "2024-09-18T18:39:31.757Z", "user": 1, "content_type": 9, "object_id": "56", "object_repr": "Bread", "action_flag": 3, "change_message": ""}}, {"model": "admin.logentry", "pk": 36, "fields": {"action_time": "2024-09-18T18:39:31.757Z", "user": 1, "content_type": 9, "object_id": "55", "object_repr": "Watermelon", "action_flag": 3, "change_message": ""}}, {"model": "admin.logentry", "pk": 37, "fields": {"action_time": "2024-09-18T18:39:31.757Z", "user": 1, "content_type": 9, "object_id": "54", "object_repr": "Mint Leaves", "action_flag": 3, "change_message": ""}}, {"model": "admin.logentry", "pk": 38, "fields": {"action_time": "2024-09-18T18:39:31.757Z", "user": 1, "content_type": 9, "object_id": "53", "object_repr": "Nescafe Latte", "action_flag": 3, "change_message": ""}}, {"model": "admin.logentry", "pk": 39, "fields": {"action_time": "2024-09-18T18:39:31.757Z", "user": 1, "content_type": 9, "object_id": "52", "object_repr": "Elaichi", "action_flag": 3, "change_message": ""}}, {"model": "admin.logentry", "pk": 40, "fields": {"action_time": "2024-09-18T18:39:31.757Z", "user": 1, "content_type": 9, "object_id": "51", "object_repr": "Bread", "action_flag": 3, "change_message": ""}}, {"model": "admin.logentry", "pk": 41, "fields": {"action_time": "2024-09-18T18:39:31.757Z", "user": 1, "content_type": 9, "object_id": "50", "object_repr": "Watermelon", "action_flag": 3, "change_message": ""}}, {"model": "admin.logentry", "pk": 42, "fields": {"action_time": "2024-09-18T18:39:31.757Z", "user": 1, "content_type": 9, "object_id": "49", "object_repr": "Mint Leaves", "action_flag": 3, "change_message": ""}}, {"model": "admin.logentry", "pk": 43, "fields": {"action_time": "2024-09-18T18:39:31.757Z", "user": 1, "content_type": 9, "object_id": "48", "object_repr": "Nescafe Latte", "action_flag": 3, "change_message": ""}}, {"model": "admin.logentry", "pk": 44, "fields": {"action_time": "2024-09-18T18:39:31.757Z", "user": 1, "content_type": 9, "object_id": "47", "object_repr": "Elaichi", "action_flag": 3, "change_message": ""}}, {"model": "admin.logentry", "pk": 45, "fields": {"action_time": "2024-09-18T18:39:31.757Z", "user": 1, "content_type": 9, "object_id": "46", "object_repr": "Bread", "action_flag": 3, "change_message": ""}}, {"model": "admin.logentry", "pk": 46, "fields": {"action_time": "2024-09-18T18:39:31.757Z", "user": 1, "content_type": 9, "object_id": "45", "object_repr": "Watermelon", "action_flag": 3, "change_message": ""}}, {"model": "admin.logentry", "pk": 47, "fields": {"action_time": "2024-09-18T18:39:31.757Z", "user": 1, "content_type": 9, "object_id": "44", "object_repr": "Mint Leaves", "action_flag": 3, "change_message": ""}}, {"model": "admin.logentry", "pk": 48, "fields": {"action_time": "2024-09-18T18:39:31.757Z", "user": 1, "content_type": 9, "object_id": "43", "object_repr": "Nescafe Latte", "action_flag": 3, "change_message": ""}}, {"model": "admin.logentry", "pk": 49, "fields": {"action_time": "2024-09-18T18:39:31.757Z", "user": 1, "content_type": 9, "object_id": "42", "object_repr": "Elaichi", "action_flag": 3, "change_message": ""}}, {"model": "admin.logentry", "pk": 50, "fields": {"action_time": "2024-09-18T18:39:31.757Z", "user": 1, "content_type": 9, "object_id": "41", "object_repr": "Bread", "action_flag": 3, "change_message": ""}}, {"model": "admin.logentry", "pk": 51, "fields": {"action_time": "2024-09-18T18:39:31.757Z", "user": 1, "content_type": 9, "object_id": "40", "object_repr": "Watermelon", "action_flag": 3, "change_message": ""}}, {"model": "admin.logentry", "pk": 52, "fields": {"action_time": "2024-09-18T18:39:31.757Z", "user": 1, "content_type": 9, "object_id": "39", "object_repr": "Mint Leaves", "action_flag": 3, "change_message": ""}}, {"model": "admin.logentry", "pk": 53, "fields": {"action_time": "2024-09-18T18:39:31.757Z", "user": 1, "content_type": 9, "object_id": "38", "object_repr": "Nescafe Latte", "action_flag": 3, "change_message": ""}}, {"model": "admin.logentry", "pk": 54, "fields": {"action_time": "2024-09-18T18:39:31.757Z", "user": 1, "content_type": 9, "object_id": "37", "object_repr": "Elaichi", "action_flag": 3, "change_message": ""}}, {"model": "admin.logentry", "pk": 55, "fields": {"action_time": "2024-09-18T18:39:31.757Z", "user": 1, "content_type": 9, "object_id": "36", "object_repr": "Bread", "action_flag": 3, "change_message": ""}}, {"model": "admin.logentry", "pk": 56, "fields": {"action_time": "2024-09-18T18:39:31.757Z", "user": 1, "content_type": 9, "object_id": "35", "object_repr": "Watermelon", "action_flag": 3, "change_message": ""}}, {"model": "admin.logentry", "pk": 57, "fields": {"action_time": "2024-09-18T18:39:31.757Z", "user": 1, "content_type": 9, "object_id": "34", "object_repr": "Mint Leaves", "action_flag": 3, "change_message": ""}}, {"model": "admin.logentry", "pk": 58, "fields": {"action_time": "2024-09-18T18:39:31.757Z", "user": 1, "content_type": 9, "object_id": "33", "object_repr": "Nescafe Latte", "action_flag": 3, "change_message": ""}}, {"model": "admin.logentry", "pk": 59, "fields": {"action_time": "2024-09-18T18:39:31.757Z", "user": 1, "content_type": 9, "object_id": "32", "object_repr": "Elaichi", "action_flag": 3, "change_message": ""}}, {"model": "admin.logentry", "pk": 60, "fields": {"action_time": "2024-09-18T18:39:31.757Z", "user": 1, "content_type": 9, "object_id": "31", "object_repr": "Bread", "action_flag": 3, "change_message": ""}}, {"model": "admin.logentry", "pk": 61, "fields": {"action_time": "2024-09-18T18:39:31.757Z", "user": 1, "content_type": 9, "object_id": "30", "object_repr": "Watermelon", "action_flag": 3, "change_message": ""}}, {"model": "admin.logentry", "pk": 62, "fields": {"action_time": "2024-09-18T18:39:31.757Z", "user": 1, "content_type": 9, "object_id": "29", "object_repr": "Mint Leaves", "action_flag": 3, "change_message": ""}}, {"model": "admin.logentry", "pk": 63, "fields": {"action_time": "2024-09-18T18:39:31.757Z", "user": 1, "content_type": 9, "object_id": "28", "object_repr": "Nescafe Latte", "action_flag": 3, "change_message": ""}}, {"model": "admin.logentry", "pk": 64, "fields": {"action_time": "2024-09-18T18:39:31.757Z", "user": 1, "content_type": 9, "object_id": "27", "object_repr": "Elaichi", "action_flag": 3, "change_message": ""}}, {"model": "admin.logentry", "pk": 65, "fields": {"action_time": "2024-09-18T18:39:31.757Z", "user": 1, "content_type": 9, "object_id": "26", "object_repr": "Bread", "action_flag": 3, "change_message": ""}}, {"model": "admin.logentry", "pk": 66, "fields": {"action_time": "2024-09-18T18:39:31.757Z", "user": 1, "content_type": 9, "object_id": "25", "object_repr": "Watermelon", "action_flag": 3, "change_message": ""}}, {"model": "admin.logentry", "pk": 67, "fields": {"action_time": "2024-09-18T18:39:31.757Z", "user": 1, "content_type": 9, "object_id": "24", "object_repr": "Mint Leaves", "action_flag": 3, "change_message": ""}}, {"model": "admin.logentry", "pk": 68, "fields": {"action_time": "2024-09-18T18:39:31.757Z", "user": 1, "content_type": 9, "object_id": "23", "object_repr": "Nescafe Latte", "action_flag": 3, "change_message": ""}}, {"model": "admin.logentry", "pk": 69, "fields": {"action_time": "2024-09-18T18:39:31.757Z", "user": 1, "content_type": 9, "object_id": "22", "object_repr": "Elaichi", "action_flag": 3, "change_message": ""}}, {"model": "admin.logentry", "pk": 70, "fields": {"action_time": "2024-09-18T18:39:31.757Z", "user": 1, "content_type": 9, "object_id": "21", "object_repr": "Bread", "action_flag": 3, "change_message": ""}}, {"model": "admin.logentry", "pk": 71, "fields": {"action_time": "2024-09-18T18:39:31.757Z", "user": 1, "content_type": 9, "object_id": "20", "object_repr": "Watermelon", "action_flag": 3, "change_message": ""}}, {"model": "admin.logentry", "pk": 72, "fields": {"action_time": "2024-09-18T18:39:31.757Z", "user": 1, "content_type": 9, "object_id": "19", "object_repr": "Mint Leaves", "action_flag": 3, "change_message": ""}}, {"model": "admin.logentry", "pk": 73, "fields": {"action_time": "2024-09-18T18:39:31.757Z", "user": 1, "content_type": 9, "object_id": "18", "object_repr": "Nescafe Latte", "action_flag": 3, "change_message": ""}}, {"model": "admin.logentry", "pk": 74, "fields": {"action_time": "2024-09-18T18:39:31.757Z", "user": 1, "content_type": 9, "object_id": "17", "object_repr": "Elaichi", "action_flag": 3, "change_message": ""}}, {"model": "admin.logentry", "pk": 75, "fields": {"action_time": "2024-09-18T18:39:31.757Z", "user": 1, "content_type": 9, "object_id": "16", "object_repr": "Bread", "action_flag": 3, "change_message": ""}}, {"model": "admin.logentry", "pk": 76, "fields": {"action_time": "2024-09-18T18:39:31.757Z", "user": 1, "content_type": 9, "object_id": "15", "object_repr": "Watermelon", "action_flag": 3, "change_message": ""}}, {"model": "admin.logentry", "pk": 77, "fields": {"action_time": "2024-09-18T18:39:31.757Z", "user": 1, "content_type": 9, "object_id": "14", "object_repr": "Mint Leaves", "action_flag": 3, "change_message": ""}}, {"model": "admin.logentry", "pk": 78, "fields": {"action_time": "2024-09-18T18:39:31.757Z", "user": 1, "content_type": 9, "object_id": "13", "object_repr": "Nescafe Latte", "action_flag": 3, "change_message": ""}}, {"model": "admin.logentry", "pk": 79, "fields": {"action_time": "2024-09-18T18:39:31.757Z", "user": 1, "content_type": 9, "object_id": "12", "object_repr": "Elaichi", "action_flag": 3, "change_message": ""}}, {"model": "admin.logentry", "pk": 80, "fields": {"action_time": "2024-09-18T18:39:31.757Z", "user": 1, "content_type": 9, "object_id": "11", "object_repr": "Bread", "action_flag": 3, "change_message": ""}}, {"model": "admin.logentry", "pk": 81, "fields": {"action_time": "2024-09-18T18:39:31.757Z", "user": 1, "content_type": 9, "object_id": "10", "object_repr": "Watermelon", "action_flag": 3, "change_message": ""}}, {"model": "admin.logentry", "pk": 82, "fields": {"action_time": "2024-09-18T18:39:31.757Z", "user": 1, "content_type": 9, "object_id": "9", "object_repr": "Mint Leaves", "action_flag": 3, "change_message": ""}}, {"model": "admin.logentry", "pk": 83, "fields": {"action_time": "2024-09-18T18:39:31.757Z", "user": 1, "content_type": 9, "object_id": "8", "object_repr": "Nescafe Latte", "action_flag": 3, "change_message": ""}}, {"model": "admin.logentry", "pk": 84, "fields": {"action_time": "2024-09-18T18:39:31.757Z", "user": 1, "content_type": 9, "object_id": "7", "object_repr": "Elaichi", "action_flag": 3, "change_message": ""}}, {"model": "admin.logentry", "pk": 85, "fields": {"action_time": "2024-09-18T18:39:31.757Z", "user": 1, "content_type": 9, "object_id": "6", "object_repr": "Bread", "action_flag": 3, "change_message": ""}}, {"model": "admin.logentry", "pk": 86, "fields": {"action_time": "2024-09-18T18:39:31.757Z", "user": 1, "content_type": 9, "object_id": "5", "object_repr": "Watermelon", "action_flag": 3, "change_message": ""}}, {"model": "admin.logentry", "pk": 87, "fields": {"action_time": "2024-09-18T18:39:31.757Z", "user": 1, "content_type": 9, "object_id": "4", "object_repr": "Mint Leaves", "action_flag": 3, "change_message": ""}}, {"model": "admin.logentry", "pk": 88, "fields": {"action_time": "2024-09-18T18:39:31.757Z", "user": 1, "content_type": 9, "object_id": "3", "object_repr": "Nescafe Latte", "action_flag": 3, "change_message": ""}}, {"model": "admin.logentry", "pk": 89, "fields": {"action_time": "2024-09-18T18:39:31.757Z", "user": 1, "content_type": 9, "object_id": "2", "object_repr": "Elaichi", "action_flag": 3, "change_message": ""}}, {"model": "admin.logentry", "pk": 90, "fields": {"action_time": "2024-09-18T18:39:31.757Z", "user": 1, "content_type": 9, "object_id": "1", "object_repr": "Bread", "action_flag": 3, "change_message": ""}}, {"model": "admin.logentry", "pk": 91, "fields": {"action_time": "2024-09-18T18:44:29.712Z", "user": 1, "content_type": 9, "object_id": "105", "object_repr": "Heinz Ketchup", "action_flag": 3, "change_message": ""}}, {"model": "admin.logentry", "pk": 92, "fields": {"action_time": "2024-09-18T18:44:29.713Z", "user": 1, "content_type": 9, "object_id": "104", "object_repr": "Watermelon", "action_flag": 3, "change_message": ""}}, {"model": "admin.logentry", "pk": 93, "fields": {"action_time": "2024-09-18T18:44:29.713Z", "user": 1, "content_type": 9, "object_id": "103", "object_repr": "Nescafe Latte", "action_flag": 3, "change_message": ""}}, {"model": "admin.logentry", "pk": 94, "fields": {"action_time": "2024-09-18T18:44:29.713Z", "user": 1, "content_type": 9, "object_id": "102", "object_repr": "Bread", "action_flag": 3, "change_message": ""}}, {"model": "admin.logentry", "pk": 95, "fields": {"action_time": "2024-09-18T18:44:29.713Z", "user": 1, "content_type": 9, "object_id": "101", "object_repr": "Elaichi", "action_flag": 3, "change_message": ""}}, {"model": "admin.logentry", "pk": 96, "fields": {"action_time": "2024-09-18T18:44:29.713Z", "user": 1, "content_type": 9, "object_id": "100", "object_repr": "Heinz Ketchup", "action_flag": 3, "change_message": ""}}, {"model": "admin.logentry", "pk": 97, "fields": {"action_time": "2024-09-18T18:44:29.713Z", "user": 1, "content_type": 9, "object_id": "99", "object_repr": "Watermelon", "action_flag": 3, "change_message": ""}}, {"model": "admin.logentry", "pk": 98, "fields": {"action_time": "2024-09-18T18:44:29.713Z", "user": 1, "content_type": 9, "object_id": "98", "object_repr": "Nescafe Latte", "action_flag": 3, "change_message": ""}}, {"model": "admin.logentry", "pk": 99, "fields": {"action_time": "2024-09-18T18:44:29.713Z", "user": 1, "content_type": 9, "object_id": "97", "object_repr": "Bread", "action_flag": 3, "change_message": ""}}, {"model": "admin.logentry", "pk": 100, "fields": {"action_time": "2024-09-18T18:44:29.713Z", "user": 1, "content_type": 9, "object_id": "96", "object_repr": "Elaichi", "action_flag": 3, "change_message": ""}}, {"model": "admin.logentry", "pk": 101, "fields": {"action_time": "2024-09-18T18:44:29.713Z", "user": 1, "content_type": 9, "object_id": "95", "object_repr": "Watermelon", "action_flag": 3, "change_message": ""}}, {"model": "admin.logentry", "pk": 102, "fields": {"action_time": "2024-09-18T18:44:29.713Z", "user": 1, "content_type": 9, "object_id": "94", "object_repr": "Mint Leaves", "action_flag": 3, "change_message": ""}}, {"model": "admin.logentry", "pk": 103, "fields": {"action_time": "2024-09-18T18:44:29.713Z", "user": 1, "content_type": 9, "object_id": "93", "object_repr": "Nescafe Latte", "action_flag": 3, "change_message": ""}}, {"model": "admin.logentry", "pk": 104, "fields": {"action_time": "2024-09-18T18:44:29.713Z", "user": 1, "content_type": 9, "object_id": "92", "object_repr": "Elaichi", "action_flag": 3, "change_message": ""}}, {"model": "admin.logentry", "pk": 105, "fields": {"action_time": "2024-09-18T18:44:29.713Z", "user": 1, "content_type": 9, "object_id": "91", "object_repr": "Bread", "action_flag": 3, "change_message": ""}}, {"model": "admin.logentry", "pk": 106, "fields": {"action_time": "2024-09-19T03:19:11.478Z", "user": 1, "content_type": 9, "object_id": "107", "object_repr": "Mint Leaves", "action_flag": 3, "change_message": ""}}, {"model": "admin.logentry", "pk": 107, "fields": {"action_time": "2024-09-19T03:19:11.478Z", "user": 1, "content_type": 9, "object_id": "106", "object_repr": "Heinz Ketchup", "action_flag": 3, "change_message": ""}}, {"model": "admin.logentry", "pk": 108, "fields": {"action_time": "2024-09-19T07:28:18.644Z", "user": 1, "content_type": 9, "object_id": "109", "object_repr": "Elaichi", "action_flag": 3, "change_message": ""}}, {"model": "admin.logentry", "pk": 109, "fields": {"action_time": "2024-09-19T07:28:18.644Z", "user": 1, "content_type": 9, "object_id": "108", "object_repr": "Elaichi", "action_flag": 3, "change_message": ""}}, {"model": "admin.logentry", "pk": 110, "fields": {"action_time": "2024-09-19T11:06:08.825Z", "user": 1, "content_type": 6, "object_id": "2", "object_repr": "grocery_user", "action_flag": 1, "change_message": "[{\"added\": {}}]"}}, {"model": "admin.logentry", "pk": 111, "fields": {"action_time": "2024-09-19T11:07:21.567Z", "user": 1, "content_type": 6, "object_id": "2", "object_repr": "grocery_user", "action_flag": 2, "change_message": "[{\"changed\": {\"fields\": [\"First name\", \"Last name\", \"Email address\", \"Last login\"]}}]"}}, {"model": "admin.logentry", "pk": 112, "fields": {"action_time": "2024-09-19T17:05:46.579Z", "user": 1, "content_type": 9, "object_id": "149", "object_repr": "Watermelon", "action_flag": 3, "change_message": ""}}, {"model": "admin.logentry", "pk": 113, "fields": {"action_time": "2024-09-19T17:05:46.579Z", "user": 1, "content_type": 9, "object_id": "148", "object_repr": "Bread", "action_flag": 3, "change_message": ""}}, {"model": "admin.logentry", "pk": 114, "fields": {"action_time": "2024-09-19T17:05:46.579Z", "user": 1, "content_type": 9, "object_id": "147", "object_repr": "Mint Leaves", "action_flag": 3, "change_message": ""}}, {"model": "admin.logentry", "pk": 115, "fields": {"action_time": "2024-09-19T17:05:46.579Z", "user": 1, "content_type": 9, "object_id": "146", "object_repr": "Nescafe Latte", "action_flag": 3, "change_message": ""}}, {"model": "admin.logentry", "pk": 116, "fields": {"action_time": "2024-09-19T17:05:46.579Z", "user": 1, "content_type": 9, "object_id": "145", "object_repr": "Watermelon", "action_flag": 3, "change_message": ""}}, {"model": "admin.logentry", "pk": 117, "fields": {"action_time": "2024-09-19T17:05:46.579Z", "user": 1, "content_type": 9, "object_id": "144", "object_repr": "Bread", "action_flag": 3, "change_message": ""}}, {"model": "admin.logentry", "pk": 118, "fields": {"action_time": "2024-09-19T17:05:46.579Z", "user": 1, "content_type": 9, "object_id": "143", "object_repr": "Mint Leaves", "action_flag": 3, "change_message": ""}}, {"model": "admin.logentry", "pk": 119, "fields": {"action_time": "2024-09-19T17:05:46.579Z", "user": 1, "content_type": 9, "object_id": "142", "object_repr": "Nescafe Latte", "action_flag": 3, "change_message": ""}}, {"model": "admin.logentry", "pk": 120, "fields": {"action_time": "2024-09-19T17:05:46.579Z", "user": 1, "content_type": 9, "object_id": "141", "object_repr": "Bread", "action_flag": 3, "change_message": ""}}, {"model": "admin.logentry", "pk": 121, "fields": {"action_time": "2024-09-19T17:05:46.579Z", "user": 1, "content_type": 9, "object_id": "140", "object_repr": "Mint Leaves", "action_flag": 3, "change_message": ""}}, {"model": "admin.logentry", "pk": 122, "fields": {"action_time": "2024-09-19T17:05:46.579Z", "user": 1, "content_type": 9, "object_id": "139", "object_repr": "Nescafe Latte", "action_flag": 3, "change_message": ""}}, {"model": "admin.logentry", "pk": 123, "fields": {"action_time": "2024-09-19T17:05:46.579Z", "user": 1, "content_type": 9, "object_id": "138", "object_repr": "Bread", "action_flag": 3, "change_message": ""}}, {"model": "admin.logentry", "pk": 124, "fields": {"action_time": "2024-09-19T17:05:46.579Z", "user": 1, "content_type": 9, "object_id": "137", "object_repr": "Mint Leaves", "action_flag": 3, "change_message": ""}}, {"model": "admin.logentry", "pk": 125, "fields": {"action_time": "2024-09-19T17:05:46.579Z", "user": 1, "content_type": 9, "object_id": "136", "object_repr": "Nescafe Latte", "action_flag": 3, "change_message": ""}}, {"model": "admin.logentry", "pk": 126, "fields": {"action_time": "2024-09-19T17:05:46.579Z", "user": 1, "content_type": 9, "object_id": "135", "object_repr": "Mint Leaves", "action_flag": 3, "change_message": ""}}, {"model": "admin.logentry", "pk": 127, "fields": {"action_time": "2024-09-19T17:05:46.579Z", "user": 1, "content_type": 9, "object_id": "134", "object_repr": "Nescafe Latte", "action_flag": 3, "change_message": ""}}, {"model": "admin.logentry", "pk": 128, "fields": {"action_time": "2024-09-19T17:05:46.579Z", "user": 1, "content_type": 9, "object_id": "133", "object_repr": "Nescafe Latte", "action_flag": 3, "change_message": ""}}, {"model": "admin.logentry", "pk": 129, "fields": {"action_time": "2024-09-19T17:05:46.579Z", "user": 1, "content_type": 9, "object_id": "132", "object_repr": "Bread", "action_flag": 3, "change_message": ""}}, {"model": "admin.logentry", "pk": 130, "fields": {"action_time": "2024-09-19T17:05:46.579Z", "user": 1, "content_type": 9, "object_id": "131", "object_repr": "Elaichi", "action_flag": 3, "change_message": ""}}, {"model": "admin.logentry", "pk": 131, "fields": {"action_time": "2024-09-19T17:05:46.579Z", "user": 1, "content_type": 9, "object_id": "130", "object_repr": "Bread", "action_flag": 3, "change_message": ""}}, {"model": "admin.logentry", "pk": 132, "fields": {"action_time": "2024-09-19T17:05:46.579Z", "user": 1, "content_type": 9, "object_id": "129", "object_repr": "Elaichi", "action_flag": 3, "change_message": ""}}, {"model": "admin.logentry", "pk": 133, "fields": {"action_time": "2024-09-19T17:05:46.579Z", "user": 1, "content_type": 9, "object_id": "128", "object_repr": "Bread", "action_flag": 3, "change_message": ""}}, {"model": "admin.logentry", "pk": 134, "fields": {"action_time": "2024-09-19T17:05:46.579Z", "user": 1, "content_type": 9, "object_id": "127", "object_repr": "Elaichi", "action_flag": 3, "change_message": ""}}, {"model": "admin.logentry", "pk": 135, "fields": {"action_time": "2024-09-19T17:05:46.579Z", "user": 1, "content_type": 9, "object_id": "126", "object_repr": "Bread", "action_flag": 3, "change_message": ""}}, {"model": "admin.logentry", "pk": 136, "fields": {"action_time": "2024-09-19T17:05:46.579Z", "user": 1, "content_type": 9, "object_id": "125", "object_repr": "Elaichi", "action_flag": 3, "change_message": ""}}, {"model": "admin.logentry", "pk": 137, "fields": {"action_time": "2024-09-19T17:05:46.579Z", "user": 1, "content_type": 9, "object_id": "124", "object_repr": "Bread", "action_flag": 3, "change_message": ""}}, {"model": "admin.logentry", "pk": 138, "fields": {"action_time": "2024-09-19T17:05:46.579Z", "user": 1, "content_type": 9, "object_id": "123", "object_repr": "Elaichi", "action_flag": 3, "change_message": ""}}, {"model": "admin.logentry", "pk": 139, "fields": {"action_time": "2024-09-19T17:05:46.579Z", "user": 1, "content_type": 9, "object_id": "122", "object_repr": "Bread", "action_flag": 3, "change_message": ""}}, {"model": "admin.logentry", "pk": 140, "fields": {"action_time": "2024-09-19T17:05:46.579Z", "user": 1, "content_type": 9, "object_id": "121", "object_repr": "Elaichi", "action_flag": 3, "change_message": ""}}, {"model": "admin.logentry", "pk": 141, "fields": {"action_time": "2024-09-19T17:05:46.579Z", "user": 1, "content_type": 9, "object_id": "120", "object_repr": "Bread", "action_flag": 3, "change_message": ""}}, {"model": "admin.logentry", "pk": 142, "fields": {"action_time": "2024-09-19T17:05:46.579Z", "user": 1, "content_type": 9, "object_id": "119", "object_repr": "Elaichi", "action_flag": 3, "change_message": ""}}, {"model": "admin.logentry", "pk": 143, "fields": {"action_time": "2024-09-19T17:05:46.579Z", "user": 1, "content_type": 9, "object_id": "118", "object_repr": "Bread", "action_flag": 3, "change_message": ""}}, {"model": "admin.logentry", "pk": 144, "fields": {"action_time": "2024-09-19T17:05:46.579Z", "user": 1, "content_type": 9, "object_id": "117", "object_repr": "Elaichi", "action_flag": 3, "change_message": ""}}, {"model": "admin.logentry", "pk": 145, "fields": {"action_time": "2024-09-19T17:05:46.579Z", "user": 1, "content_type": 9, "object_id": "116", "object_repr": "Bread", "action_flag": 3, "change_message": ""}}, {"model": "admin.logentry", "pk": 146, "fields": {"action_time": "2024-09-19T17:05:46.579Z", "user": 1, "content_type": 9, "object_id": "115", "object_repr": "Elaichi", "action_flag": 3, "change_message": ""}}, {"model": "admin.logentry", "pk": 147, "fields": {"action_time": "2024-09-19T17:05:46.579Z", "user": 1, "content_type": 9, "object_id": "114", "object_repr": "Bread", "action_flag": 3, "change_message": ""}}, {"model": "admin.logentry", "pk": 148, "fields": {"action_time": "2024-09-19T17:05:46.579Z", "user": 1, "content_type": 9, "object_id": "113", "object_repr": "Elaichi", "action_flag": 3, "change_message": ""}}, {"model": "admin.logentry", "pk": 149, "fields": {"action_time": "2024-09-19T17:05:46.579Z", "user": 1, "content_type": 9, "object_id": "112", "object_repr": "Bread", "action_flag": 3, "change_message": ""}}, {"model": "admin.logentry", "pk": 150, "fields": {"action_time": "2024-09-19T17:05:46.579Z", "user": 1, "content_type": 9, "object_id": "111", "object_repr": "Elaichi", "action_flag": 3, "change_message": ""}}, {"model": "admin.logentry", "pk": 151, "fields": {"action_time": "2024-09-19T17:05:46.579Z", "user": 1, "content_type": 9, "object_id": "110", "object_repr": "Elaichi", "action_flag": 3, "change_message": ""}}, {"model": "admin.logentry", "pk": 152, "fields": {"action_time": "2024-09-20T08:12:26.650Z", "user": 1, "content_type": 9, "object_id": "159", "object_repr": "WIBS-Bread", "action_flag": 3, "change_message": ""}}, {"model": "admin.logentry", "pk": 153, "fields": {"action_time": "2024-09-20T08:12:26.650Z", "user": 1, "content_type": 9, "object_id": "158", "object_repr": "Nescafe Iced Latte", "action_flag": 3, "change_message": ""}}, {"model": "admin.logentry", "pk": 154, "fields": {"action_time": "2024-09-20T08:12:26.650Z", "user": 1, "content_type": 9, "object_id": "157", "object_repr": "Onion-1kg", "action_flag": 3, "change_message": ""}}, {"model": "admin.logentry", "pk": 155, "fields": {"action_time": "2024-09-20T08:12:26.650Z", "user": 1, "content_type": 9, "object_id": "156", "object_repr": "Kissan Tomato Ketchup", "action_flag": 3, "change_message": ""}}, {"model": "admin.logentry", "pk": 156, "fields": {"action_time": "2024-09-20T08:12:26.650Z", "user": 1, "content_type": 9, "object_id": "155", "object_repr": "Apples-1kg", "action_flag": 3, "change_message": ""}}, {"model": "admin.logentry", "pk": 157, "fields": {"action_time": "2024-09-20T08:12:26.650Z", "user": 1, "content_type": 9, "object_id": "154", "object_repr": "Lays Chips", "action_flag": 3, "change_message": ""}}, {"model": "admin.logentry", "pk": 158, "fields": {"action_time": "2024-09-20T08:12:26.650Z", "user": 1, "content_type": 9, "object_id": "153", "object_repr": "Nescafe Latte", "action_flag": 3, "change_message": ""}}, {"model": "admin.logentry", "pk": 159, "fields": {"action_time": "2024-09-20T08:12:26.650Z", "user": 1, "content_type": 9, "object_id": "152", "object_repr": "Heinz Ketchup", "action_flag": 3, "change_message": ""}}, {"model": "admin.logentry", "pk": 160, "fields": {"action_time": "2024-09-20T08:12:26.650Z", "user": 1, "content_type": 9, "object_id": "151", "object_repr": "Mint Leaves", "action_flag": 3, "change_message": ""}}, {"model": "admin.logentry", "pk": 161, "fields": {"action_time": "2024-09-20T08:12:26.650Z", "user": 1, "content_type": 9, "object_id": "150", "object_repr": "Nescafe Latte", "action_flag": 3, "change_message": ""}}, {"model": "admin.logentry", "pk": 162, "fields": {"action_time": "2024-09-20T09:21:15.086Z", "user": 1, "content_type": 9, "object_id": "165", "object_repr": "WIBS-Bread", "action_flag": 3, "change_message": ""}}, {"model": "admin.logentry", "pk": 163, "fields": {"action_time": "2024-09-20T09:21:15.086Z", "user": 1, "content_type": 9, "object_id": "164", "object_repr": "Nescafe Iced Latte", "action_flag": 3, "change_message": ""}}, {"model": "admin.logentry", "pk": 164, "fields": {"action_time": "2024-09-20T09:21:15.086Z", "user": 1, "content_type": 9, "object_id": "163", "object_repr": "Onion-1kg", "action_flag": 3, "change_message": ""}}, {"model": "admin.logentry", "pk": 165, "fields": {"action_time": "2024-09-20T09:21:15.086Z", "user": 1, "content_type": 9, "object_id": "162", "object_repr": "Kissan Tomato Ketchup", "action_flag": 3, "change_message": ""}}, {"model": "admin.logentry", "pk": 166, "fields": {"action_time": "2024-09-20T09:21:15.086Z", "user": 1, "content_type": 9, "object_id": "161", "object_repr": "Apples-1kg", "action_flag": 3, "change_message": ""}}, {"model": "admin.logentry", "pk": 167, "fields": {"action_time": "2024-09-20T09:21:15.086Z", "user": 1, "content_type": 9, "object_id": "160", "object_repr": "Lays Chips", "action_flag": 3, "change_message": ""}}, {"model": "admin.logentry", "pk": 168, "fields": {"action_time": "2024-09-24T18:18:49.912Z", "user": 1, "content_type": 12, "object_id": "7", "object_repr": " ", "action_flag": 3, "change_message": ""}}, {"model": "admin.logentry", "pk": 169, "fields": {"action_time": "2024-09-24T18:18:49.912Z", "user": 1, "content_type": 12, "object_id": "6", "object_repr": " ", "action_flag": 3, "change_message": ""}}, {"model": "admin.logentry", "pk": 170, "fields": {"action_time": "2024-09-24T18:18:49.912Z", "user": 1, "content_type": 12, "object_id": "5", "object_repr": " ", "action_flag": 3, "change_message": ""}}, {"model": "admin.logentry", "pk": 171, "fields": {"action_time": "2024-09-24T18:18:49.912Z", "user": 1, "content_type": 12, "object_id": "4", "object_repr": " ", "action_flag": 3, "change_message": ""}}, {"model": "admin.logentry", "pk": 172, "fields": {"action_time": "2024-09-24T19:14:27.910Z", "user": 1, "content_type": 12, "object_id": "32", "object_repr": " ", "action_flag": 3, "change_message": ""}}, {"model": "admin.logentry", "pk": 173, "fields": {"action_time": "2024-09-24T19:14:27.910Z", "user": 1, "content_type": 12, "object_id": "31", "object_repr": " ", "action_flag": 3, "change_message": ""}}, {"model": "admin.logentry", "pk": 174, "fields": {"action_time": "2024-09-24T19:14:27.910Z", "user": 1, "content_type": 12, "object_id": "30", "object_repr": " ", "action_flag": 3, "change_message": ""}}, {"model": "admin.logentry", "pk": 175, "fields": {"action_time": "2024-09-24T19:14:27.910Z", "user": 1, "content_type": 12, "object_id": "29", "object_repr": " ", "action_flag": 3, "change_message": ""}}, {"model": "admin.logentry", "pk": 176, "fields": {"action_time": "2024-09-24T19:14:27.910Z", "user": 1, "content_type": 12, "object_id": "28", "object_repr": " ", "action_flag": 3, "change_message": ""}}, {"model": "admin.logentry", "pk": 177, "fields": {"action_time": "2024-09-24T19:14:27.910Z", "user": 1, "content_type": 12, "object_id": "27", "object_repr": " ", "action_flag": 3, "change_message": ""}}, {"model": "admin.logentry", "pk": 178, "fields": {"action_time": "2024-09-24T19:14:27.910Z", "user": 1, "content_type": 12, "object_id": "26", "object_repr": " ", "action_flag": 3, "change_message": ""}}, {"model": "admin.logentry", "pk": 179, "fields": {"action_time": "2024-09-24T19:14:27.910Z", "user": 1, "content_type": 12, "object_id": "25", "object_repr": " ", "action_flag": 3, "change_message": ""}}, {"model": "admin.logentry", "pk": 180, "fields": {"action_time": "2024-09-24T19:14:27.910Z", "user": 1, "content_type": 12, "object_id": "24", "object_repr": " ", "action_flag": 3, "change_message": ""}}, {"model": "admin.logentry", "pk": 181, "fields": {"action_time": "2024-09-24T19:14:27.910Z", "user": 1, "content_type": 12, "object_id": "23", "object_repr": " ", "action_flag": 3, "change_message": ""}}, {"model": "admin.logentry", "pk": 182, "fields": {"action_time": "2024-09-24T19:14:27.910Z", "user": 1, "content_type": 12, "object_id": "22", "object_repr": " ", "action_flag": 3, "change_message": ""}}, {"model": "admin.logentry", "pk": 183, "fields": {"action_time": "2024-09-24T19:14:27.910Z", "user": 1, "content_type": 12, "object_id": "21", "object_repr": " ", "action_flag": 3, "change_message": ""}}, {"model": "admin.logentry", "pk": 184, "fields": {"action_time": "2024-09-24T19:14:27.910Z", "user": 1, "content_type": 12, "object_id": "20", "object_repr": " ", "action_flag": 3, "change_message": ""}}, {"model": "admin.logentry", "pk": 185, "fields": {"action_time": "2024-09-24T19:14:27.910Z", "user": 1, "content_type": 12, "object_id": "19", "object_repr": " ", "action_flag": 3, "change_message": ""}}, {"model": "admin.logentry", "pk": 186, "fields": {"action_time": "2024-09-24T19:14:27.910Z", "user": 1, "content_type": 12, "object_id": "18", "object_repr": " ", "action_flag": 3, "change_message": ""}}, {"model": "admin.logentry", "pk": 187, "fields": {"action_time": "2024-09-24T19:14:27.911Z", "user": 1, "content_type": 12, "object_id": "17", "object_repr": " ", "action_flag": 3, "change_message": ""}}, {"model": "admin.logentry", "pk": 188, "fields": {"action_time": "2024-09-24T19:14:27.911Z", "user": 1, "content_type": 12, "object_id": "16", "object_repr": " ", "action_flag": 3, "change_message": ""}}, {"model": "admin.logentry", "pk": 189, "fields": {"action_time": "2024-09-24T19:14:27.911Z", "user": 1, "content_type": 12, "object_id": "15", "object_repr": " ", "action_flag": 3, "change_message": ""}}, {"model": "admin.logentry", "pk": 190, "fields": {"action_time": "2024-09-24T19:14:27.911Z", "user": 1, "content_type": 12, "object_id": "14", "object_repr": " ", "action_flag": 3, "change_message": ""}}, {"model": "admin.logentry", "pk": 191, "fields": {"action_time": "2024-09-24T19:14:27.911Z", "user": 1, "content_type": 12, "object_id": "13", "object_repr": " ", "action_flag": 3, "change_message": ""}}, {"model": "admin.logentry", "pk": 192, "fields": {"action_time": "2024-09-24T19:14:27.911Z", "user": 1, "content_type": 12, "object_id": "12", "object_repr": " ", "action_flag": 3, "change_message": ""}}, {"model": "admin.logentry", "pk": 193, "fields": {"action_time": "2024-09-24T19:14:27.911Z", "user": 1, "content_type": 12, "object_id": "11", "object_repr": " ", "action_flag": 3, "change_message": ""}}, {"model": "admin.logentry", "pk": 194, "fields": {"action_time": "2024-09-24T19:14:27.911Z", "user": 1, "content_type": 12, "object_id": "10", "object_repr": " ", "action_flag": 3, "change_message": ""}}, {"model": "admin.logentry", "pk": 195, "fields": {"action_time": "2024-09-24T19:14:27.911Z", "user": 1, "content_type": 12, "object_id": "9", "object_repr": " ", "action_flag": 3, "change_message": ""}}, {"model": "admin.logentry", "pk": 196, "fields": {"action_time": "2024-10-06T15:50:54.388Z", "user": 1, "content_type": 12, "object_id": "40", "object_repr": "dD 0", "action_flag": 3, "change_message": ""}}, {"model": "admin.logentry", "pk": 197, "fields": {"action_time": "2024-10-06T15:50:54.389Z", "user": 1, "content_type": 12, "object_id": "39", "object_repr": " fsf", "action_flag": 3, "change_message": ""}}, {"model": "admin.logentry", "pk": 198, "fields": {"action_time": "2024-10-06T15:50:54.389Z", "user": 1, "content_type": 12, "object_id": "38", "object_repr": "dad DD", "action_flag": 3, "change_message": ""}}, {"model": "admin.logentry", "pk": 199, "fields": {"action_time": "2024-10-06T15:50:54.389Z", "user": 1, "content_type": 12, "object_id": "37", "object_repr": "faf fsf", "action_flag": 3, "change_message": ""}}, {"model": "admin.logentry", "pk": 200, "fields": {"action_time": "2024-10-06T15:50:54.389Z", "user": 1, "content_type": 12, "object_id": "36", "object_repr": "hldod da", "action_flag": 3, "change_message": ""}}, {"model": "admin.logentry", "pk": 201, "fields": {"action_time": "2024-10-06T15:50:54.389Z", "user": 1, "content_type": 12, "object_id": "35", "object_repr": "faff adada", "action_flag": 3, "change_message": ""}}, {"model": "admin.logentry", "pk": 202, "fields": {"action_time": "2024-10-06T15:50:54.389Z", "user": 1, "content_type": 12, "object_id": "34", "object_repr": " ", "action_flag": 3, "change_message": ""}}, {"model": "admin.logentry", "pk": 203, "fields": {"action_time": "2024-10-06T15:50:54.389Z", "user": 1, "content_type": 12, "object_id": "33", "object_repr": "hldod 9661862326", "action_flag": 3, "change_message": ""}}, {"model": "admin.logentry", "pk": 204, "fields": {"action_time": "2024-10-06T15:50:54.389Z", "user": 1, "content_type": 12, "object_id": "8", "object_repr": "hldod 1164646161", "action_flag": 3, "change_message": ""}}, {"model": "admin.logentry", "pk": 205, "fields": {"action_time": "2024-10-06T16:21:46.928Z", "user": 1, "content_type": 12, "object_id": "1", "object_repr": "VIRAJ PRABHU 9661862326", "action_flag": 2, "change_message": "[{\"changed\": {\"fields\": [\"Rating\", \"Desc\"]}}]"}}, {"model": "admin.logentry", "pk": 206, "fields": {"action_time": "2024-10-06T16:21:55.050Z", "user": 1, "content_type": 12, "object_id": "2", "object_repr": "vernon 123456789", "action_flag": 2, "change_message": "[{\"changed\": {\"fields\": [\"Rating\"]}}]"}}, {"model": "admin.logentry", "pk": 207, "fields": {"action_time": "2024-10-06T17:05:24.852Z", "user": 1, "content_type": 12, "object_id": "1", "object_repr": "VIRAJ PRABHU 9661862326", "action_flag": 2, "change_message": "[{\"changed\": {\"fields\": [\"Rating\"]}}]"}}, {"model": "admin.logentry", "pk": 208, "fields": {"action_time": "2024-10-06T17:12:31.302Z", "user": 1, "content_type": 12, "object_id": "1", "object_repr": "VIRAJ PRABHU 9661862326", "action_flag": 2, "change_message": "[{\"changed\": {\"fields\": [\"Rating\"]}}]"}}, {"model": "admin.logentry", "pk": 209, "fields": {"action_time": "2024-10-06T17:41:44.307Z", "user": 1, "content_type": 12, "object_id": "41", "object_repr": "Ghrani Poojari 657195293", "action_flag": 2, "change_message": "[{\"changed\": {\"fields\": [\"Name\"]}}]"}}, {"model": "admin.logentry", "pk": 210, "fields": {"action_time": "2024-10-06T17:41:57.118Z", "user": 1, "content_type": 12, "object_id": "1", "object_repr": "VIRAJ PRABHU 9661862326", "action_flag": 2, "change_message": "[]"}}, {"model": "admin.logentry", "pk": 211, "fields": {"action_time": "2024-10-06T17:42:03.403Z", "user": 1, "content_type": 12, "object_id": "3", "object_repr": "VIRAJ PRABHU 9004041406", "action_flag": 3, "change_message": ""}}, {"model": "admin.logentry", "pk": 212, "fields": {"action_time": "2024-10-06T17:42:08.298Z", "user": 1, "content_type": 12, "object_id": "2", "object_repr": "vernon 123456789", "action_flag": 2, "change_message": "[{\"changed\": {\"fields\": [\"Rating\"]}}]"}}, {"model": "admin.logentry", "pk": 213, "fields": {"action_time": "2024-10-06T17:42:19.479Z", "user": 1, "content_type": 12, "object_id": "2", "object_repr": "Vernon 123456789", "action_flag": 2, "change_message": "[{\"changed\": {\"fields\": [\"Name\"]}}]"}}, {"model": "admin.logentry", "pk": 214, "fields": {"action_time": "2024-10-06T17:42:38.391Z", "user": 1, "content_type": 9, "object_id": "175", "object_repr": "Asus Keyboard", "action_flag": 3, "change_message": ""}}, {"model": "admin.logentry", "pk": 215, "fields": {"action_time": "2024-10-06T17:42:38.391Z", "user": 1, "content_type": 9, "object_id": "174", "object_repr": "XBOX 360", "action_flag": 3, "change_message": ""}}, {"model": "admin.logentry", "pk": 216, "fields": {"action_time": "2024-10-06T17:42:38.391Z", "user": 1, "content_type": 9, "object_id": "173", "object_repr": "PS-5 Slim Version", "action_flag": 3, "change_message": ""}}, {"model": "admin.logentry", "pk": 217, "fields": {"action_time": "2024-10-06T17:42:38.391Z", "user": 1, "content_type": 9, "object_id": "172", "object_repr": "PS-5 Original Version", "action_flag": 3, "change_message": ""}}, {"model": "admin.logentry", "pk": 218, "fields": {"action_time": "2024-10-06T17:42:38.391Z", "user": 1, "content_type": 9, "object_id": "171", "object_repr": "PS-5 Slim Version", "action_flag": 3, "change_message": ""}}, {"model": "admin.logentry", "pk": 219, "fields": {"action_time": "2024-10-06T17:42:38.391Z", "user": 1, "content_type": 9, "object_id": "170", "object_repr": "PS-5 Original Version", "action_flag": 3, "change_message": ""}}, {"model": "admin.logentry", "pk": 220, "fields": {"action_time": "2024-10-06T17:42:38.391Z", "user": 1, "content_type": 9, "object_id": "169", "object_repr": "PS-5 Slim Version", "action_flag": 3, "change_message": ""}}, {"model": "admin.logentry", "pk": 221, "fields": {"action_time": "2024-10-06T17:42:38.392Z", "user": 1, "content_type": 9, "object_id": "168", "object_repr": "PS-5 Original Version", "action_flag": 3, "change_message": ""}}, {"model": "admin.logentry", "pk": 222, "fields": {"action_time": "2024-10-06T17:42:38.392Z", "user": 1, "content_type": 9, "object_id": "167", "object_repr": "PS-5 Original Version", "action_flag": 3, "change_message": ""}}, {"model": "admin.logentry", "pk": 223, "fields": {"action_time": "2024-10-06T17:42:38.392Z", "user": 1, "content_type": 9, "object_id": "166", "object_repr": "XBOX Series X", "action_flag": 3, "change_message": ""}}, {"model": "admin.logentry", "pk": 224, "fields": {"action_time": "2024-10-06T17:42:49.728Z", "user": 1, "content_type": 13, "object_id": "2", "object_repr": "127.0.0.1:8000", "action_flag": 2, "change_message": "[]"}}, {"model": "admin.logentry", "pk": 225, "fields": {"action_time": "2024-10-06T17:43:05.331Z", "user": 1, "content_type": 6, "object_id": "5", "object_repr": "vello", "action_flag": 3, "change_message": ""}}, {"model": "admin.logentry", "pk": 226, "fields": {"action_time": "2024-10-06T17:43:22.399Z", "user": 1, "content_type": 6, "object_id": "2", "object_repr": "grocery_user", "action_flag": 3, "change_message": ""}}, {"model": "admin.logentry", "pk": 227, "fields": {"action_time": "2024-10-06T18:07:06.592Z", "user": 1, "content_type": 9, "object_id": "211", "object_repr": "PS-5 Normal Version", "action_flag": 3, "change_message": ""}}, {"model": "admin.logentry", "pk": 228, "fields": {"action_time": "2024-10-06T18:07:06.592Z", "user": 1, "content_type": 9, "object_id": "210", "object_repr": "Asus Keyboard", "action_flag": 3, "change_message": ""}}, {"model": "admin.logentry", "pk": 229, "fields": {"action_time": "2024-10-06T18:07:06.592Z", "user": 1, "content_type": 9, "object_id": "209", "object_repr": "XBOX 360", "action_flag": 3, "change_message": ""}}, {"model": "admin.logentry", "pk": 230, "fields": {"action_time": "2024-10-06T18:07:06.592Z", "user": 1, "content_type": 9, "object_id": "208", "object_repr": "PS-5 Normal Version", "action_flag": 3, "change_message": ""}}, {"model": "admin.logentry", "pk": 231, "fields": {"action_time": "2024-10-06T18:07:06.592Z", "user": 1, "content_type": 9, "object_id": "207", "object_repr": "Asus Keyboard", "action_flag": 3, "change_message": ""}}, {"model": "admin.logentry", "pk": 232, "fields": {"action_time": "2024-10-06T18:07:06.592Z", "user": 1, "content_type": 9, "object_id": "206", "object_repr": "XBOX 360", "action_flag": 3, "change_message": ""}}, {"model": "admin.logentry", "pk": 233, "fields": {"action_time": "2024-10-06T18:07:06.592Z", "user": 1, "content_type": 9, "object_id": "205", "object_repr": "PS-5 Normal Version", "action_flag": 3, "change_message": ""}}, {"model": "admin.logentry", "pk": 234, "fields": {"action_time": "2024-10-06T18:07:06.592Z", "user": 1, "content_type": 9, "object_id": "204", "object_repr": "Asus Keyboard", "action_flag": 3, "change_message": ""}}, {"model": "admin.logentry", "pk": 235, "fields": {"action_time": "2024-10-06T18:07:06.592Z", "user": 1, "content_type": 9, "object_id": "203", "object_repr": "XBOX 360", "action_flag": 3, "change_message": ""}}, {"model": "admin.logentry", "pk": 236, "fields": {"action_time": "2024-10-06T18:07:06.593Z", "user": 1, "content_type": 9, "object_id": "202", "object_repr": "PS-5 Normal Version", "action_flag": 3, "change_message": ""}}, {"model": "admin.logentry", "pk": 237, "fields": {"action_time": "2024-10-06T18:07:06.593Z", "user": 1, "content_type": 9, "object_id": "201", "object_repr": "Asus Keyboard", "action_flag": 3, "change_message": ""}}, {"model": "admin.logentry", "pk": 238, "fields": {"action_time": "2024-10-06T18:07:06.593Z", "user": 1, "content_type": 9, "object_id": "200", "object_repr": "XBOX 360", "action_flag": 3, "change_message": ""}}, {"model": "admin.logentry", "pk": 239, "fields": {"action_time": "2024-10-06T18:07:06.593Z", "user": 1, "content_type": 9, "object_id": "199", "object_repr": "PS-5 Normal Version", "action_flag": 3, "change_message": ""}}, {"model": "admin.logentry", "pk": 240, "fields": {"action_time": "2024-10-06T18:07:06.593Z", "user": 1, "content_type": 9, "object_id": "198", "object_repr": "Asus Keyboard", "action_flag": 3, "change_message": ""}}, {"model": "admin.logentry", "pk": 241, "fields": {"action_time": "2024-10-06T18:07:06.593Z", "user": 1, "content_type": 9, "object_id": "197", "object_repr": "XBOX 360", "action_flag": 3, "change_message": ""}}, {"model": "admin.logentry", "pk": 242, "fields": {"action_time": "2024-10-06T18:07:06.593Z", "user": 1, "content_type": 9, "object_id": "196", "object_repr": "PS-5 Normal Version", "action_flag": 3, "change_message": ""}}, {"model": "admin.logentry", "pk": 243, "fields": {"action_time": "2024-10-06T18:07:06.593Z", "user": 1, "content_type": 9, "object_id": "195", "object_repr": "Asus Keyboard", "action_flag": 3, "change_message": ""}}, {"model": "admin.logentry", "pk": 244, "fields": {"action_time": "2024-10-06T18:07:06.593Z", "user": 1, "content_type": 9, "object_id": "194", "object_repr": "XBOX 360", "action_flag": 3, "change_message": ""}}, {"model": "admin.logentry", "pk": 245, "fields": {"action_time": "2024-10-06T18:07:06.593Z", "user": 1, "content_type": 9, "object_id": "193", "object_repr": "PS-5 Normal Version", "action_flag": 3, "change_message": ""}}, {"model": "admin.logentry", "pk": 246, "fields": {"action_time": "2024-10-06T18:07:06.593Z", "user": 1, "content_type": 9, "object_id": "192", "object_repr": "PS-5 Slim Version", "action_flag": 3, "change_message": ""}}, {"model": "admin.logentry", "pk": 247, "fields": {"action_time": "2024-10-06T18:07:06.593Z", "user": 1, "content_type": 9, "object_id": "191", "object_repr": "Asus Keyboard", "action_flag": 3, "change_message": ""}}, {"model": "admin.logentry", "pk": 248, "fields": {"action_time": "2024-10-06T18:07:06.593Z", "user": 1, "content_type": 9, "object_id": "190", "object_repr": "XBOX 360", "action_flag": 3, "change_message": ""}}, {"model": "admin.logentry", "pk": 249, "fields": {"action_time": "2024-10-06T18:07:06.593Z", "user": 1, "content_type": 9, "object_id": "189", "object_repr": "Asus Keyboard", "action_flag": 3, "change_message": ""}}, {"model": "admin.logentry", "pk": 250, "fields": {"action_time": "2024-10-06T18:07:06.593Z", "user": 1, "content_type": 9, "object_id": "188", "object_repr": "XBOX 360", "action_flag": 3, "change_message": ""}}, {"model": "admin.logentry", "pk": 251, "fields": {"action_time": "2024-10-06T18:07:06.593Z", "user": 1, "content_type": 9, "object_id": "187", "object_repr": "Asus Keyboard", "action_flag": 3, "change_message": ""}}, {"model": "admin.logentry", "pk": 252, "fields": {"action_time": "2024-10-06T18:07:06.593Z", "user": 1, "content_type": 9, "object_id": "186", "object_repr": "XBOX 360", "action_flag": 3, "change_message": ""}}, {"model": "admin.logentry", "pk": 253, "fields": {"action_time": "2024-10-06T18:07:06.593Z", "user": 1, "content_type": 9, "object_id": "185", "object_repr": "Asus Keyboard", "action_flag": 3, "change_message": ""}}, {"model": "admin.logentry", "pk": 254, "fields": {"action_time": "2024-10-06T18:07:06.593Z", "user": 1, "content_type": 9, "object_id": "184", "object_repr": "XBOX 360", "action_flag": 3, "change_message": ""}}, {"model": "admin.logentry", "pk": 255, "fields": {"action_time": "2024-10-06T18:07:06.593Z", "user": 1, "content_type": 9, "object_id": "183", "object_repr": "Asus Keyboard", "action_flag": 3, "change_message": ""}}, {"model": "admin.logentry", "pk": 256, "fields": {"action_time": "2024-10-06T18:07:06.593Z", "user": 1, "content_type": 9, "object_id": "182", "object_repr": "XBOX 360", "action_flag": 3, "change_message": ""}}, {"model": "admin.logentry", "pk": 257, "fields": {"action_time": "2024-10-06T18:07:06.593Z", "user": 1, "content_type": 9, "object_id": "181", "object_repr": "Asus Keyboard", "action_flag": 3, "change_message": ""}}, {"model": "admin.logentry", "pk": 258, "fields": {"action_time": "2024-10-06T18:07:06.593Z", "user": 1, "content_type": 9, "object_id": "180", "object_repr": "XBOX 360", "action_flag": 3, "change_message": ""}}, {"model": "admin.logentry", "pk": 259, "fields": {"action_time": "2024-10-06T18:07:06.593Z", "user": 1, "content_type": 9, "object_id": "179", "object_repr": "Asus Keyboard", "action_flag": 3, "change_message": ""}}, {"model": "admin.logentry", "pk": 260, "fields": {"action_time": "2024-10-06T18:07:06.593Z", "user": 1, "content_type": 9, "object_id": "178", "object_repr": "XBOX 360", "action_flag": 3, "change_message": ""}}, {"model": "admin.logentry", "pk": 261, "fields": {"action_time": "2024-10-06T18:07:06.593Z", "user": 1, "content_type": 9, "object_id": "177", "object_repr": "Asus Keyboard", "action_flag": 3, "change_message": ""}}, {"model": "admin.logentry", "pk": 262, "fields": {"action_time": "2024-10-06T18:07:06.593Z", "user": 1, "content_type": 9, "object_id": "176", "object_repr": "XBOX 360", "action_flag": 3, "change_message": ""}}, {"model": "admin.logentry", "pk": 263, "fields": {"action_time": "2024-10-06T18:14:29.717Z", "user": 1, "content_type": 9, "object_id": "223", "object_repr": "PS-5 Normal Version", "action_flag": 3, "change_message": ""}}, {"model": "admin.logentry", "pk": 264, "fields": {"action_time": "2024-10-06T18:14:29.717Z", "user": 1, "content_type": 9, "object_id": "222", "object_repr": "Asus Keyboard", "action_flag": 3, "change_message": ""}}, {"model": "admin.logentry", "pk": 265, "fields": {"action_time": "2024-10-06T18:14:29.717Z", "user": 1, "content_type": 9, "object_id": "221", "object_repr": "XBOX 360", "action_flag": 3, "change_message": ""}}, {"model": "admin.logentry", "pk": 266, "fields": {"action_time": "2024-10-06T18:14:29.718Z", "user": 1, "content_type": 9, "object_id": "220", "object_repr": "PS-5 Normal Version", "action_flag": 3, "change_message": ""}}, {"model": "admin.logentry", "pk": 267, "fields": {"action_time": "2024-10-06T18:14:29.718Z", "user": 1, "content_type": 9, "object_id": "219", "object_repr": "Asus Keyboard", "action_flag": 3, "change_message": ""}}, {"model": "admin.logentry", "pk": 268, "fields": {"action_time": "2024-10-06T18:14:29.718Z", "user": 1, "content_type": 9, "object_id": "218", "object_repr": "XBOX 360", "action_flag": 3, "change_message": ""}}, {"model": "admin.logentry", "pk": 269, "fields": {"action_time": "2024-10-06T18:14:29.718Z", "user": 1, "content_type": 9, "object_id": "217", "object_repr": "PS-5 Normal Version", "action_flag": 3, "change_message": ""}}, {"model": "admin.logentry", "pk": 270, "fields": {"action_time": "2024-10-06T18:14:29.718Z", "user": 1, "content_type": 9, "object_id": "216", "object_repr": "Asus Keyboard", "action_flag": 3, "change_message": ""}}, {"model": "admin.logentry", "pk": 271, "fields": {"action_time": "2024-10-06T18:14:29.718Z", "user": 1, "content_type": 9, "object_id": "215", "object_repr": "XBOX 360", "action_flag": 3, "change_message": ""}}, {"model": "admin.logentry", "pk": 272, "fields": {"action_time": "2024-10-06T18:14:29.718Z", "user": 1, "content_type": 9, "object_id": "214", "object_repr": "PS-5 Normal Version", "action_flag": 3, "change_message": ""}}, {"model": "admin.logentry", "pk": 273, "fields": {"action_time": "2024-10-06T18:14:29.718Z", "user": 1, "content_type": 9, "object_id": "213", "object_repr": "Asus Keyboard", "action_flag": 3, "change_message": ""}}, {"model": "admin.logentry", "pk": 274, "fields": {"action_time": "2024-10-06T18:14:29.718Z", "user": 1, "content_type": 9, "object_id": "212", "object_repr": "XBOX 360", "action_flag": 3, "change_message": ""}}, {"model": "admin.logentry", "pk": 275, "fields": {"action_time": "2024-10-06T18:14:38.014Z", "user": 1, "content_type": 9, "object_id": "233", "object_repr": "PS-5 Normal Version", "action_flag": 3, "change_message": ""}}, {"model": "admin.logentry", "pk": 276, "fields": {"action_time": "2024-10-06T18:14:38.014Z", "user": 1, "content_type": 9, "object_id": "232", "object_repr": "Asus Keyboard", "action_flag": 3, "change_message": ""}}, {"model": "admin.logentry", "pk": 277, "fields": {"action_time": "2024-10-06T18:14:38.014Z", "user": 1, "content_type": 9, "object_id": "231", "object_repr": "PS-5 Normal Version", "action_flag": 3, "change_message": ""}}, {"model": "admin.logentry", "pk": 278, "fields": {"action_time": "2024-10-06T18:14:38.014Z", "user": 1, "content_type": 9, "object_id": "230", "object_repr": "Asus Keyboard", "action_flag": 3, "change_message": ""}}, {"model": "admin.logentry", "pk": 279, "fields": {"action_time": "2024-10-06T18:14:38.014Z", "user": 1, "content_type": 9, "object_id": "229", "object_repr": "PS-5 Normal Version", "action_flag": 3, "change_message": ""}}, {"model": "admin.logentry", "pk": 280, "fields": {"action_time": "2024-10-06T18:14:38.014Z", "user": 1, "content_type": 9, "object_id": "228", "object_repr": "Asus Keyboard", "action_flag": 3, "change_message": ""}}, {"model": "admin.logentry", "pk": 281, "fields": {"action_time": "2024-10-06T18:14:38.014Z", "user": 1, "content_type": 9, "object_id": "227", "object_repr": "PS-5 Normal Version", "action_flag": 3, "change_message": ""}}, {"model": "admin.logentry", "pk": 282, "fields": {"action_time": "2024-10-06T18:14:38.014Z", "user": 1, "content_type": 9, "object_id": "226", "object_repr": "Asus Keyboard", "action_flag": 3, "change_message": ""}}, {"model": "admin.logentry", "pk": 283, "fields": {"action_time": "2024-10-06T18:14:38.014Z", "user": 1, "content_type": 9, "object_id": "225", "object_repr": "PS-5 Normal Version", "action_flag": 3, "change_message": ""}}, {"model": "admin.logentry", "pk": 284, "fields": {"action_time": "2024-10-06T18:14:38.014Z", "user": 1, "content_type": 9, "object_id": "224", "object_repr": "Asus Keyboard", "action_flag": 3, "change_message": ""}}, {"model": "admin.logentry", "pk": 285, "fields": {"action_time": "2024-10-06T18:45:22.062Z", "user": 1, "content_type": 9, "object_id": "234", "object_repr": "PS-5 Slim Version", "action_flag": 3, "change_message": ""}}, {"model": "admin.logentry", "pk": 286, "fields": {"action_time": "2024-10-06T18:45:29.761Z", "user": 1, "content_type": 9, "object_id": "236", "object_repr": "XBOX 360 Slim Version", "action_flag": 3, "change_message": ""}}, {"model": "admin.logentry", "pk": 287, "fields": {"action_time": "2024-10-06T18:45:29.761Z", "user": 1, "content_type": 9, "object_id": "235", "object_repr": "PS-5 Slim Version", "action_flag": 3, "change_message": ""}}, {"model": "admin.logentry", "pk": 288, "fields": {"action_time": "2024-10-07T11:21:45.063Z", "user": 1, "content_type": 12, "object_id": "42", "object_repr": "jgjgu 31", "action_flag": 2, "change_message": "[{\"changed\": {\"fields\": [\"Rating\", \"Email\", \"Phone\"]}}]"}}, {"model": "admin.logentry", "pk": 289, "fields": {"action_time": "2024-10-07T14:20:06.165Z", "user": 1, "content_type": 12, "object_id": "44", "object_repr": "fsff 9661862326", "action_flag": 3, "change_message": ""}}, {"model": "admin.logentry", "pk": 290, "fields": {"action_time": "2024-10-07T14:20:06.165Z", "user": 1, "content_type": 12, "object_id": "43", "object_repr": "hjbcjb ", "action_flag": 3, "change_message": ""}}, {"model": "admin.logentry", "pk": 291, "fields": {"action_time": "2024-10-07T14:20:06.165Z", "user": 1, "content_type": 12, "object_id": "42", "object_repr": "jgjgu 31", "action_flag": 3, "change_message": ""}}, {"model": "admin.logentry", "pk": 292, "fields": {"action_time": "2024-10-07T14:47:57.383Z", "user": 1, "content_type": 12, "object_id": "45", "object_repr": "dD ", "action_flag": 3, "change_message": ""}}, {"model": "admin.logentry", "pk": 293, "fields": {"action_time": "2024-10-07T18:49:41.197Z", "user": 1, "content_type": 11, "object_id": "6", "object_repr": "Order 6 by viraj", "action_flag": 3, "change_message": ""}}, {"model": "admin.logentry", "pk": 294, "fields": {"action_time": "2024-10-07T18:49:41.197Z", "user": 1, "content_type": 11, "object_id": "5", "object_repr": "Order 5 by viraj", "action_flag": 3, "change_message": ""}}, {"model": "admin.logentry", "pk": 295, "fields": {"action_time": "2024-10-07T18:49:41.197Z", "user": 1, "content_type": 11, "object_id": "4", "object_repr": "Order 4 by viraj", "action_flag": 3, "change_message": ""}}, {"model": "admin.logentry", "pk": 296, "fields": {"action_time": "2024-10-07T18:49:41.197Z", "user": 1, "content_type": 11, "object_id": "3", "object_repr": "Order 3 by viraj", "action_flag": 3, "change_message": ""}}, {"model": "admin.logentry", "pk": 297, "fields": {"action_time": "2024-10-07T18:49:41.197Z", "user": 1, "content_type": 11, "object_id": "2", "object_repr": "Order 2 by viraj", "action_flag": 3, "change_message": ""}}, {"model": "admin.logentry", "pk": 298, "fields": {"action_time": "2024-10-08T15:42:57.231Z", "user": 1, "content_type": 2, "object_id": "1", "object_repr": "PS 5 Pro Version", "action_flag": 1, "change_message": "[{\"added\": {}}]"}}, {"model": "admin.logentry", "pk": 299, "fields": {"action_time": "2024-10-08T17:07:47.154Z", "user": 1, "content_type": 9, "object_id": "3", "object_repr": "1x PS 5 Pro Version for viraj", "action_flag": 2, "change_message": "[{\"changed\": {\"fields\": [\"Quantity\"]}}]"}}, {"model": "admin.logentry", "pk": 300, "fields": {"action_time": "2024-10-08T19:40:29.823Z", "user": 1, "content_type": 9, "object_id": "2", "object_repr": "1x PS 5 Pro Version for viraj", "action_flag": 3, "change_message": ""}}, {"model": "admin.logentry", "pk": 301, "fields": {"action_time": "2024-10-09T05:30:26.762Z", "user": 1, "content_type": 2, "object_id": "2", "object_repr": "PS-5 Slim Version", "action_flag": 1, "change_message": "[{\"added\": {}}]"}}, {"model": "admin.logentry", "pk": 302, "fields": {"action_time": "2024-10-09T05:30:56.160Z", "user": 1, "content_type": 2, "object_id": "3", "object_repr": "PS-5 Normal Version", "action_flag": 1, "change_message": "[{\"added\": {}}]"}}, {"model": "admin.logentry", "pk": 303, "fields": {"action_time": "2024-10-09T05:31:19.215Z", "user": 1, "content_type": 2, "object_id": "4", "object_repr": "PS 4 Pro Version", "action_flag": 1, "change_message": "[{\"added\": {}}]"}}, {"model": "admin.logentry", "pk": 304, "fields": {"action_time": "2024-10-09T05:31:36.873Z", "user": 1, "content_type": 2, "object_id": "5", "object_repr": "PS 4 Slim Version", "action_flag": 1, "change_message": "[{\"added\": {}}]"}}, {"model": "admin.logentry", "pk": 305, "fields": {"action_time": "2024-10-09T05:32:00.303Z", "user": 1, "content_type": 2, "object_id": "6", "object_repr": "PS 4 Normal Version", "action_flag": 1, "change_message": "[{\"added\": {}}]"}}, {"model": "admin.logentry", "pk": 306, "fields": {"action_time": "2024-10-09T05:32:32.872Z", "user": 1, "content_type": 2, "object_id": "7", "object_repr": "XBOX Series X", "action_flag": 1, "change_message": "[{\"added\": {}}]"}}, {"model": "admin.logentry", "pk": 307, "fields": {"action_time": "2024-10-09T05:33:03.311Z", "user": 1, "content_type": 2, "object_id": "8", "object_repr": "XBOX 360", "action_flag": 1, "change_message": "[{\"added\": {}}]"}}, {"model": "admin.logentry", "pk": 308, "fields": {"action_time": "2024-10-09T05:33:19.655Z", "user": 1, "content_type": 2, "object_id": "9", "object_repr": "XBOX 360 Slim Version", "action_flag": 1, "change_message": "[{\"added\": {}}]"}}, {"model": "admin.logentry", "pk": 309, "fields": {"action_time": "2024-10-09T05:33:59.897Z", "user": 1, "content_type": 2, "object_id": "10", "object_repr": "XBOX One X Version", "action_flag": 1, "change_message": "[{\"added\": {}}]"}}, {"model": "admin.logentry", "pk": 310, "fields": {"action_time": "2024-10-09T05:34:23.258Z", "user": 1, "content_type": 2, "object_id": "11", "object_repr": "XBOX Series S Bundle", "action_flag": 1, "change_message": "[{\"added\": {}}]"}}, {"model": "admin.logentry", "pk": 311, "fields": {"action_time": "2024-10-09T05:34:28.778Z", "user": 1, "content_type": 2, "object_id": "12", "object_repr": "New Horizons Skin", "action_flag": 1, "change_message": "[{\"added\": {}}]"}}, {"model": "admin.logentry", "pk": 312, "fields": {"action_time": "2024-10-09T05:34:48.799Z", "user": 1, "content_type": 2, "object_id": "13", "object_repr": "Dialga & Palkia Skin", "action_flag": 1, "change_message": "[{\"added\": {}}]"}}, {"model": "admin.logentry", "pk": 313, "fields": {"action_time": "2024-10-09T05:35:02.561Z", "user": 1, "content_type": 2, "object_id": "14", "object_repr": "Nintendo Labo", "action_flag": 1, "change_message": "[{\"added\": {}}]"}}, {"model": "admin.logentry", "pk": 314, "fields": {"action_time": "2024-10-09T05:35:16.280Z", "user": 1, "content_type": 2, "object_id": "15", "object_repr": "Hyrule Edition Lite", "action_flag": 1, "change_message": "[{\"added\": {}}]"}}, {"model": "admin.logentry", "pk": 315, "fields": {"action_time": "2024-10-09T05:35:29.147Z", "user": 1, "content_type": 2, "object_id": "16", "object_repr": "Super Smash Bros Ultimate", "action_flag": 1, "change_message": "[{\"added\": {}}]"}}, {"model": "admin.logentry", "pk": 316, "fields": {"action_time": "2024-10-09T05:35:47.707Z", "user": 1, "content_type": 2, "object_id": "17", "object_repr": "Cosmic Byte C3070W", "action_flag": 1, "change_message": "[{\"added\": {}}]"}}, {"model": "admin.logentry", "pk": 317, "fields": {"action_time": "2024-10-09T05:36:46.828Z", "user": 1, "content_type": 2, "object_id": "18", "object_repr": "CLAW Shoot Wired", "action_flag": 1, "change_message": "[{\"added\": {}}]"}}, {"model": "admin.logentry", "pk": 318, "fields": {"action_time": "2024-10-09T05:37:01.640Z", "user": 1, "content_type": 2, "object_id": "19", "object_repr": "EasySMX Wireless", "action_flag": 1, "change_message": "[{\"added\": {}}]"}}, {"model": "admin.logentry", "pk": 319, "fields": {"action_time": "2024-10-09T05:37:22.464Z", "user": 1, "content_type": 2, "object_id": "20", "object_repr": "Xbox Elite Series-2", "action_flag": 1, "change_message": "[{\"added\": {}}]"}}, {"model": "admin.logentry", "pk": 320, "fields": {"action_time": "2024-10-09T05:37:35.460Z", "user": 1, "content_type": 2, "object_id": "21", "object_repr": "Logitech G F710", "action_flag": 1, "change_message": "[{\"added\": {}}]"}}, {"model": "admin.logentry", "pk": 321, "fields": {"action_time": "2024-10-09T05:38:12.201Z", "user": 1, "content_type": 2, "object_id": "22", "object_repr": "Xspark Keyboard", "action_flag": 1, "change_message": "[{\"added\": {}}]"}}, {"model": "admin.logentry", "pk": 322, "fields": {"action_time": "2024-10-09T05:38:28.884Z", "user": 1, "content_type": 2, "object_id": "23", "object_repr": "ZEBRONICS OPTIMUS", "action_flag": 1, "change_message": "[{\"added\": {}}]"}}, {"model": "admin.logentry", "pk": 323, "fields": {"action_time": "2024-10-09T05:38:44.497Z", "user": 1, "content_type": 2, "object_id": "24", "object_repr": "Arch Keyboard", "action_flag": 1, "change_message": "[{\"added\": {}}]"}}, {"model": "admin.logentry", "pk": 324, "fields": {"action_time": "2024-10-09T05:38:58.471Z", "user": 1, "content_type": 2, "object_id": "25", "object_repr": "HyperX Alloy Core", "action_flag": 1, "change_message": "[{\"added\": {}}]"}}, {"model": "admin.logentry", "pk": 325, "fields": {"action_time": "2024-10-09T05:39:13.576Z", "user": 1, "content_type": 2, "object_id": "26", "object_repr": "Asus Keyboard", "action_flag": 1, "change_message": "[{\"added\": {}}]"}}, {"model": "admin.logentry", "pk": 326, "fields": {"action_time": "2024-10-09T05:39:28.488Z", "user": 1, "content_type": 2, "object_id": "27", "object_repr": "Razor Blackshark HeadSet", "action_flag": 1, "change_message": "[{\"added\": {}}]"}}, {"model": "admin.logentry", "pk": 327, "fields": {"action_time": "2024-10-09T05:39:54.073Z", "user": 1, "content_type": 2, "object_id": "28", "object_repr": "Asus Rog Headset", "action_flag": 1, "change_message": "[{\"added\": {}}]"}}, {"model": "admin.logentry", "pk": 328, "fields": {"action_time": "2024-10-09T05:40:20.780Z", "user": 1, "content_type": 2, "object_id": "29", "object_repr": "Boat-518 Headphones", "action_flag": 1, "change_message": "[{\"added\": {}}]"}}, {"model": "admin.logentry", "pk": 329, "fields": {"action_time": "2024-10-09T05:40:33.793Z", "user": 1, "content_type": 2, "object_id": "30", "object_repr": "Bengoo G900 Headset", "action_flag": 1, "change_message": "[{\"added\": {}}]"}}, {"model": "admin.logentry", "pk": 330, "fields": {"action_time": "2024-10-09T05:40:49.162Z", "user": 1, "content_type": 2, "object_id": "31", "object_repr": "OZEINO GAMING HEADSET", "action_flag": 1, "change_message": "[{\"added\": {}}]"}}, {"model": "admin.logentry", "pk": 331, "fields": {"action_time": "2024-10-09T05:41:10.480Z", "user": 1, "content_type": 2, "object_id": "32", "object_repr": "Zeb Jet Pro Headset", "action_flag": 1, "change_message": "[{\"added\": {}}]"}}, {"model": "admin.logentry", "pk": 332, "fields": {"action_time": "2024-10-10T16:16:33.385Z", "user": 1, "content_type": 11, "object_id": "33", "object_repr": "Order 33 by viraj", "action_flag": 3, "change_message": ""}}, {"model": "admin.logentry", "pk": 333, "fields": {"action_time": "2024-10-10T16:16:33.385Z", "user": 1, "content_type": 11, "object_id": "32", "object_repr": "Order 32 by viraj", "action_flag": 3, "change_message": ""}}, {"model": "admin.logentry", "pk": 334, "fields": {"action_time": "2024-10-10T16:16:33.385Z", "user": 1, "content_type": 11, "object_id": "31", "object_repr": "Order 31 by viraj", "action_flag": 3, "change_message": ""}}, {"model": "admin.logentry", "pk": 335, "fields": {"action_time": "2024-10-10T16:16:33.385Z", "user": 1, "content_type": 11, "object_id": "30", "object_repr": "Order 30 by viraj", "action_flag": 3, "change_message": ""}}, {"model": "admin.logentry", "pk": 336, "fields": {"action_time": "2024-10-10T16:16:33.385Z", "user": 1, "content_type": 11, "object_id": "29", "object_repr": "Order 29 by viraj", "action_flag": 3, "change_message": ""}}, {"model": "admin.logentry", "pk": 337, "fields": {"action_time": "2024-10-10T16:16:33.385Z", "user": 1, "content_type": 11, "object_id": "28", "object_repr": "Order 28 by viraj", "action_flag": 3, "change_message": ""}}, {"model": "admin.logentry", "pk": 338, "fields": {"action_time": "2024-10-10T16:16:33.385Z", "user": 1, "content_type": 11, "object_id": "27", "object_repr": "Order 27 by viraj", "action_flag": 3, "change_message": ""}}, {"model": "admin.logentry", "pk": 339, "fields": {"action_time": "2024-10-10T16:16:33.386Z", "user": 1, "content_type": 11, "object_id": "26", "object_repr": "Order 26 by viraj", "action_flag": 3, "change_message": ""}}, {"model": "admin.logentry", "pk": 340, "fields": {"action_time": "2024-10-10T16:16:33.386Z", "user": 1, "content_type": 11, "object_id": "25", "object_repr": "Order 25 by viraj", "action_flag": 3, "change_message": ""}}, {"model": "admin.logentry", "pk": 341, "fields": {"action_time": "2024-10-10T16:16:33.386Z", "user": 1, "content_type": 11, "object_id": "24", "object_repr": "Order 24 by viraj", "action_flag": 3, "change_message": ""}}, {"model": "admin.logentry", "pk": 342, "fields": {"action_time": "2024-10-10T16:16:33.386Z", "user": 1, "content_type": 11, "object_id": "23", "object_repr": "Order 23 by viraj", "action_flag": 3, "change_message": ""}}, {"model": "admin.logentry", "pk": 343, "fields": {"action_time": "2024-10-10T16:16:33.386Z", "user": 1, "content_type": 11, "object_id": "22", "object_repr": "Order 22 by viraj", "action_flag": 3, "change_message": ""}}, {"model": "admin.logentry", "pk": 344, "fields": {"action_time": "2024-10-10T16:16:33.386Z", "user": 1, "content_type": 11, "object_id": "21", "object_repr": "Order 21 by viraj", "action_flag": 3, "change_message": ""}}, {"model": "admin.logentry", "pk": 345, "fields": {"action_time": "2024-10-10T16:16:33.386Z", "user": 1, "content_type": 11, "object_id": "20", "object_repr": "Order 20 by viraj", "action_flag": 3, "change_message": ""}}, {"model": "admin.logentry", "pk": 346, "fields": {"action_time": "2024-10-10T16:16:33.386Z", "user": 1, "content_type": 11, "object_id": "19", "object_repr": "Order 19 by viraj", "action_flag": 3, "change_message": ""}}, {"model": "admin.logentry", "pk": 347, "fields": {"action_time": "2024-10-10T16:16:33.386Z", "user": 1, "content_type": 11, "object_id": "18", "object_repr": "Order 18 by viraj", "action_flag": 3, "change_message": ""}}, {"model": "admin.logentry", "pk": 348, "fields": {"action_time": "2024-10-10T16:16:33.386Z", "user": 1, "content_type": 11, "object_id": "17", "object_repr": "Order 17 by viraj", "action_flag": 3, "change_message": ""}}, {"model": "admin.logentry", "pk": 349, "fields": {"action_time": "2024-10-10T16:16:33.386Z", "user": 1, "content_type": 11, "object_id": "16", "object_repr": "Order 16 by viraj", "action_flag": 3, "change_message": ""}}, {"model": "admin.logentry", "pk": 350, "fields": {"action_time": "2024-10-10T16:16:33.386Z", "user": 1, "content_type": 11, "object_id": "15", "object_repr": "Order 15 by viraj", "action_flag": 3, "change_message": ""}}, {"model": "admin.logentry", "pk": 351, "fields": {"action_time": "2024-10-10T16:16:33.386Z", "user": 1, "content_type": 11, "object_id": "14", "object_repr": "Order 14 by viraj", "action_flag": 3, "change_message": ""}}, {"model": "admin.logentry", "pk": 352, "fields": {"action_time": "2024-10-10T16:16:33.386Z", "user": 1, "content_type": 11, "object_id": "13", "object_repr": "Order 13 by viraj", "action_flag": 3, "change_message": ""}}, {"model": "admin.logentry", "pk": 353, "fields": {"action_time": "2024-10-10T16:16:33.386Z", "user": 1, "content_type": 11, "object_id": "12", "object_repr": "Order 12 by viraj", "action_flag": 3, "change_message": ""}}, {"model": "admin.logentry", "pk": 354, "fields": {"action_time": "2024-10-10T16:16:33.386Z", "user": 1, "content_type": 11, "object_id": "11", "object_repr": "Order 11 by viraj", "action_flag": 3, "change_message": ""}}, {"model": "admin.logentry", "pk": 355, "fields": {"action_time": "2024-10-10T16:16:33.386Z", "user": 1, "content_type": 11, "object_id": "10", "object_repr": "Order 10 by viraj", "action_flag": 3, "change_message": ""}}, {"model": "admin.logentry", "pk": 356, "fields": {"action_time": "2024-10-10T16:16:33.386Z", "user": 1, "content_type": 11, "object_id": "9", "object_repr": "Order 9 by viraj", "action_flag": 3, "change_message": ""}}, {"model": "admin.logentry", "pk": 357, "fields": {"action_time": "2024-10-10T16:16:33.386Z", "user": 1, "content_type": 11, "object_id": "8", "object_repr": "Order 8 by vernon", "action_flag": 3, "change_message": ""}}, {"model": "admin.logentry", "pk": 358, "fields": {"action_time": "2024-10-10T16:16:33.386Z", "user": 1, "content_type": 11, "object_id": "7", "object_repr": "Order 7 by viraj", "action_flag": 3, "change_message": ""}}, {"model": "admin.logentry", "pk": 359, "fields": {"action_time": "2024-10-10T16:16:33.386Z", "user": 1, "content_type": 11, "object_id": "1", "object_repr": "Order 1 by viraj", "action_flag": 3, "change_message": ""}}, {"model": "admin.logentry", "pk": 360, "fields": {"action_time": "2024-10-10T17:11:33.082Z", "user": 1, "content_type": 11, "object_id": "36", "object_repr": "Order 36 by viraj", "action_flag": 3, "change_message": ""}}, {"model": "admin.logentry", "pk": 361, "fields": {"action_time": "2024-10-10T17:11:33.082Z", "user": 1, "content_type": 11, "object_id": "35", "object_repr": "Order 35 by viraj", "action_flag": 3, "change_message": ""}}, {"model": "admin.logentry", "pk": 362, "fields": {"action_time": "2024-10-10T17:11:33.082Z", "user": 1, "content_type": 11, "object_id": "34", "object_repr": "Order 34 by viraj", "action_flag": 3, "change_message": ""}}, {"model": "admin.logentry", "pk": 363, "fields": {"action_time": "2024-10-10T18:09:39.632Z", "user": 1, "content_type": 11, "object_id": "38", "object_repr": "Order 38 by viraj", "action_flag": 3, "change_message": ""}}, {"model": "admin.logentry", "pk": 364, "fields": {"action_time": "2024-10-10T18:09:39.632Z", "user": 1, "content_type": 11, "object_id": "37", "object_repr": "Order 37 by viraj", "action_flag": 3, "change_message": ""}}, {"model": "admin.logentry", "pk": 365, "fields": {"action_time": "2024-10-10T18:34:16.002Z", "user": 1, "content_type": 11, "object_id": "39", "object_repr": "Order 39 by viraj", "action_flag": 3, "change_message": ""}}, {"model": "admin.logentry", "pk": 366, "fields": {"action_time": "2024-10-11T09:41:34.487Z", "user": 1, "content_type": 11, "object_id": "40", "object_repr": "Order 40 by viraj", "action_flag": 3, "change_message": ""}}, {"model": "admin.logentry", "pk": 367, "fields": {"action_time": "2024-10-29T18:29:41.299Z", "user": 1, "content_type": 12, "object_id": "47", "object_repr": "sumit 53", "action_flag": 2, "change_message": "[{\"changed\": {\"fields\": [\"Name\", \"Phone\"]}}]"}}, {"model": "admin.logentry", "pk": 368, "fields": {"action_time": "2024-10-29T18:29:54.705Z", "user": 1, "content_type": 12, "object_id": "48", "object_repr": "jibin 2665", "action_flag": 2, "change_message": "[{\"changed\": {\"fields\": [\"Name\"]}}]"}}, {"model": "admin.logentry", "pk": 369, "fields": {"action_time": "2024-11-06T15:12:57.609Z", "user": 1, "content_type": 11, "object_id": "43", "object_repr": "Order 43 by viraj", "action_flag": 3, "change_message": ""}}, {"model": "admin.logentry", "pk": 370, "fields": {"action_time": "2024-11-06T16:46:45.342Z", "user": 1, "content_type": 12, "object_id": "50", "object_repr": "aditya 14646464", "action_flag": 2, "change_message": "[{\"changed\": {\"fields\": [\"Name\", \"Email\", \"Phone\", \"Desc\"]}}]"}}, {"model": "admin.logentry", "pk": 371, "fields": {"action_time": "2024-11-06T16:47:06.051Z", "user": 1, "content_type": 12, "object_id": "48", "object_repr": "jibin 2665", "action_flag": 2, "change_message": "[{\"changed\": {\"fields\": [\"Desc\"]}}]"}}, {"model": "admin.logentry", "pk": 372, "fields": {"action_time": "2024-11-07T01:12:12.655Z", "user": 1, "content_type": 12, "object_id": "50", "object_repr": "aditya 14646464", "action_flag": 3, "change_message": ""}}, {"model": "admin.logentry", "pk": 373, "fields": {"action_time": "2024-11-07T01:12:12.655Z", "user": 1, "content_type": 12, "object_id": "49", "object_repr": "siddhant 44651135", "action_flag": 3, "change_message": ""}}, {"model": "admin.logentry", "pk": 374, "fields": {"action_time": "2024-11-07T01:12:12.655Z", "user": 1, "content_type": 12, "object_id": "48", "object_repr": "jibin 2665", "action_flag": 3, "change_message": ""}}, {"model": "admin.logentry", "pk": 375, "fields": {"action_time": "2024-11-07T01:12:12.655Z", "user": 1, "content_type": 12, "object_id": "47", "object_repr": "sumit 53", "action_flag": 3, "change_message": ""}}, {"model": "auth.permission", "pk": 1, "fields": {"name": "Can add category", "content_type": 1, "codename": "add_category"}}, {"model": "auth.permission", "pk": 2, "fields": {"name": "Can change category", "content_type": 1, "codename": "change_category"}}, {"model": "auth.permission", "pk": 3, "fields": {"name": "Can delete category", "content_type": 1, "codename": "delete_category"}}, {"model": "auth.permission", "pk": 4, "fields": {"name": "Can view category", "content_type": 1, "codename": "view_category"}}, {"model": "auth.permission", "pk": 5, "fields": {"name": "Can add product", "content_type": 2, "codename": "add_product"}}, {"model": "auth.permission", "pk": 6, "fields": {"name": "Can change product", "content_type": 2, "codename": "change_product"}}, {"model": "auth.permission", "pk": 7, "fields": {"name": "Can delete product", "content_type": 2, "codename": "delete_product"}}, {"model": "auth.permission", "pk": 8, "fields": {"name": "Can view product", "content_type": 2, "codename": "view_product"}}, {"model": "auth.permission", "pk": 9, "fields": {"name": "Can add log entry", "content_type": 3, "codename": "add_logentry"}}, {"model": "auth.permission", "pk": 10, "fields": {"name": "Can change log entry", "content_type": 3, "codename": "change_logentry"}}, {"model": "auth.permission", "pk": 11, "fields": {"name": "Can delete log entry", "content_type": 3, "codename": "delete_logentry"}}, {"model": "auth.permission", "pk": 12, "fields": {"name": "Can view log entry", "content_type": 3, "codename": "view_logentry"}}, {"model": "auth.permission", "pk": 13, "fields": {"name": "Can add permission", "content_type": 4, "codename": "add_permission"}}, {"model": "auth.permission", "pk": 14, "fields": {"name": "Can change permission", "content_type": 4, "codename": "change_permission"}}, {"model": "auth.permission", "pk": 15, "fields": {"name": "Can delete permission", "content_type": 4, "codename": "delete_permission"}}, {"model": "auth.permission", "pk": 16, "fields": {"name": "Can view permission", "content_type": 4, "codename": "view_permission"}}, {"model": "auth.permission", "pk": 17, "fields": {"name": "Can add group", "content_type": 5, "codename": "add_group"}}, {"model": "auth.permission", "pk": 18, "fields": {"name": "Can change group", "content_type": 5, "codename": "change_group"}}, {"model": "auth.permission", "pk": 19, "fields": {"name": "Can delete group", "content_type": 5, "codename": "delete_group"}}, {"model": "auth.permission", "pk": 20, "fields": {"name": "Can view group", "content_type": 5, "codename": "view_group"}}, {"model": "auth.permission", "pk": 21, "fields": {"name": "Can add user", "content_type": 6, "codename": "add_user"}}, {"model": "auth.permission", "pk": 22, "fields": {"name": "Can change user", "content_type": 6, "codename": "change_user"}}, {"model": "auth.permission", "pk": 23, "fields": {"name": "Can delete user", "content_type": 6, "codename": "delete_user"}}, {"model": "auth.permission", "pk": 24, "fields": {"name": "Can view user", "content_type": 6, "codename": "view_user"}}, {"model": "auth.permission", "pk": 25, "fields": {"name": "Can add content type", "content_type": 7, "codename": "add_contenttype"}}, {"model": "auth.permission", "pk": 26, "fields": {"name": "Can change content type", "content_type": 7, "codename": "change_contenttype"}}, {"model": "auth.permission", "pk": 27, "fields": {"name": "Can delete content type", "content_type": 7, "codename": "delete_contenttype"}}, {"model": "auth.permission", "pk": 28, "fields": {"name": "Can view content type", "content_type": 7, "codename": "view_contenttype"}}, {"model": "auth.permission", "pk": 29, "fields": {"name": "Can add session", "content_type": 8, "codename": "add_session"}}, {"model": "auth.permission", "pk": 30, "fields": {"name": "Can change session", "content_type": 8, "codename": "change_session"}}, {"model": "auth.permission", "pk": 31, "fields": {"name": "Can delete session", "content_type": 8, "codename": "delete_session"}}, {"model": "auth.permission", "pk": 32, "fields": {"name": "Can view session", "content_type": 8, "codename": "view_session"}}, {"model": "auth.permission", "pk": 33, "fields": {"name": "Can add cart", "content_type": 9, "codename": "add_cart"}}, {"model": "auth.permission", "pk": 34, "fields": {"name": "Can change cart", "content_type": 9, "codename": "change_cart"}}, {"model": "auth.permission", "pk": 35, "fields": {"name": "Can delete cart", "content_type": 9, "codename": "delete_cart"}}, {"model": "auth.permission", "pk": 36, "fields": {"name": "Can view cart", "content_type": 9, "codename": "view_cart"}}, {"model": "auth.permission", "pk": 37, "fields": {"name": "Can add cart product", "content_type": 10, "codename": "add_cartproduct"}}, {"model": "auth.permission", "pk": 38, "fields": {"name": "Can change cart product", "content_type": 10, "codename": "change_cartproduct"}}, {"model": "auth.permission", "pk": 39, "fields": {"name": "Can delete cart product", "content_type": 10, "codename": "delete_cartproduct"}}, {"model": "auth.permission", "pk": 40, "fields": {"name": "Can view cart product", "content_type": 10, "codename": "view_cartproduct"}}, {"model": "auth.permission", "pk": 41, "fields": {"name": "Can add order", "content_type": 11, "codename": "add_order"}}, {"model": "auth.permission", "pk": 42, "fields": {"name": "Can change order", "content_type": 11, "codename": "change_order"}}, {"model": "auth.permission", "pk": 43, "fields": {"name": "Can delete order", "content_type": 11, "codename": "delete_order"}}, {"model": "auth.permission", "pk": 44, "fields": {"name": "Can view order", "content_type": 11, "codename": "view_order"}}, {"model": "auth.permission", "pk": 45, "fields": {"name": "Can add contact", "content_type": 12, "codename": "add_contact"}}, {"model": "auth.permission", "pk": 46, "fields": {"name": "Can change contact", "content_type": 12, "codename": "change_contact"}}, {"model": "auth.permission", "pk": 47, "fields": {"name": "Can delete contact", "content_type": 12, "codename": "delete_contact"}}, {"model": "auth.permission", "pk": 48, "fields": {"name": "Can view contact", "content_type": 12, "codename": "view_contact"}}, {"model": "auth.permission", "pk": 49, "fields": {"name": "Can add site", "content_type": 13, "codename": "add_site"}}, {"model": "auth.permission", "pk": 50, "fields": {"name": "Can change site", "content_type": 13, "codename": "change_site"}}, {"model": "auth.permission", "pk": 51, "fields": {"name": "Can delete site", "content_type": 13, "codename": "delete_site"}}, {"model": "auth.permission", "pk": 52, "fields": {"name": "Can view site", "content_type": 13, "codename": "view_site"}}, {"model": "auth.permission", "pk": 53, "fields": {"name": "Can add cart item", "content_type": 14, "codename": "add_cartitem"}}, {"model": "auth.permission", "pk": 54, "fields": {"name": "Can change cart item", "content_type": 14, "codename": "change_cartitem"}}, {"model": "auth.permission", "pk": 55, "fields": {"name": "Can delete cart item", "content_type": 14, "codename": "delete_cartitem"}}, {"model": "auth.permission", "pk": 56, "fields": {"name": "Can view cart item", "content_type": 14, "codename": "view_cartitem"}}, {"model": "auth.user", "pk": 1, "fields": {"password": "pbkdf2_sha256$870000$FMJCWmsUiABpSyUeaecrJ2$qk9DsnouhdCsv5FMmIo5evDapwoXIQQBptTcRWnsCyM=", "last_login": "2025-05-28T09:47:41.692Z", "is_superuser": true, "username": "viraj", "first_name": "", "last_name": "", "email": "virajprabhu47@gmail.com", "is_staff": true, "is_active": true, "date_joined": "2024-09-17T14:51:29.633Z", "groups": [], "user_permissions": []}}, {"model": "auth.user", "pk": 3, "fields": {"password": "pbkdf2_sha256$870000$8HKGs3uWvGIwWx5iGBvrGX$C7lg/cdRyYjBu+CS0wlmFuDlgxmUV4bcpo+gs2naLPs=", "last_login": "2024-10-23T09:41:32.462Z", "is_superuser": false, "username": "vernon", "first_name": "", "last_name": "", "email": "", "is_staff": false, "is_active": true, "date_joined": "2024-09-26T18:44:52.770Z", "groups": [], "user_permissions": []}}, {"model": "auth.user", "pk": 4, "fields": {"password": "pbkdf2_sha256$870000$HQhCCjq3jFvLh7egzMSHjq$2qX1akjEp1nlFIOfo6BL6hf9Wz8/7P+7HZIzz5wvFRA=", "last_login": "2024-09-26T18:56:28.775Z", "is_superuser": false, "username": "ghrani", "first_name": "", "last_name": "", "email": "", "is_staff": false, "is_active": true, "date_joined": "2024-09-26T18:45:56.320Z", "groups": [], "user_permissions": []}}, {"model": "auth.user", "pk": 6, "fields": {"password": "pbkdf2_sha256$870000$2tjvDNcqjdFM7KXhYFvAny$LK5v0IhXRUJbfxCdlEJEYHx6NRJabguHFRvBHWqljdw=", "last_login": "2024-10-30T03:24:14.152Z", "is_superuser": false, "username": "siddhant", "first_name": "", "last_name": "", "email": "", "is_staff": false, "is_active": true, "date_joined": "2024-10-30T03:24:12.220Z", "groups": [], "user_permissions": []}}, {"model": "contenttypes.contenttype", "pk": 1, "fields": {"app_label": "shop", "model": "category"}}, {"model": "contenttypes.contenttype", "pk": 2, "fields": {"app_label": "shop", "model": "product"}}, {"model": "contenttypes.contenttype", "pk": 3, "fields": {"app_label": "admin", "model": "logentry"}}, {"model": "contenttypes.contenttype", "pk": 4, "fields": {"app_label": "auth", "model": "permission"}}, {"model": "contenttypes.contenttype", "pk": 5, "fields": {"app_label": "auth", "model": "group"}}, {"model": "contenttypes.contenttype", "pk": 6, "fields": {"app_label": "auth", "model": "user"}}, {"model": "contenttypes.contenttype", "pk": 7, "fields": {"app_label": "contenttypes", "model": "contenttype"}}, {"model": "contenttypes.contenttype", "pk": 8, "fields": {"app_label": "sessions", "model": "session"}}, {"model": "contenttypes.contenttype", "pk": 9, "fields": {"app_label": "shop", "model": "cart"}}, {"model": "contenttypes.contenttype", "pk": 10, "fields": {"app_label": "shop", "model": "cartproduct"}}, {"model": "contenttypes.contenttype", "pk": 11, "fields": {"app_label": "shop", "model": "order"}}, {"model": "contenttypes.contenttype", "pk": 12, "fields": {"app_label": "shop", "model": "contact"}}, {"model": "contenttypes.contenttype", "pk": 13, "fields": {"app_label": "sites", "model": "site"}}, {"model": "contenttypes.contenttype", "pk": 14, "fields": {"app_label": "shop", "model": "cartitem"}}, {"model": "sessions.session", "pk": "2xy79g7z6s1qjpxsz1jalk48vww7dfth", "fields": {"session_data": "e30:1srHpS:X-wFxnSgdZelJU7XjRkH6yGidJr5wwKFxepKy__2OQs", "expire_date": "2024-10-03T14:08:18.188Z"}}, {"model": "sessions.session", "pk": "62lfbw4j5gsgb8ab0n7xzaxdhdqapb7w", "fields": {"session_data": "e30:1srHkM:_oxdTyRW9FO-tIPIK8i5UmgI3StvW_qWYUquPZaSB9c", "expire_date": "2024-10-03T14:03:02.810Z"}}, {"model": "sessions.session", "pk": "9f2se4t0cj1b7kuo9tdouq9408af4i7j", "fields": {"session_data": "e30:1srHfa:h02g33T-37xPaniUywX618z8x7cDPMPIfX4gcdN0Ei4", "expire_date": "2024-10-03T13:58:06.002Z"}}, {"model": "sessions.session", "pk": "a1z072y5bydlsiv9pd0d5gm8cntud6p8", "fields": {"session_data": ".eJxVjDsOwjAQBe_iGllrZf1ZSnrOYHn9wQFkS3FSIe4OkVJA-2bmvYQP21r9NvLi5yTOQonT78YhPnLbQbqHdusy9rYuM8tdkQcd8tpTfl4O9--ghlG_NePEhghYO0xgQNMUFVGEBKBcLobJJo1okW02xQAAY3ERAciSyeL9AbqdNsI:1t8v0W:aszfibATGwXFbAN8qmHmkaveVvOeVyTc7-WTnp6BkNo", "expire_date": "2024-11-21T05:24:36.176Z"}}, {"model": "sessions.session", "pk": "dsfd9o02q2bwmxzb4qprjl9yuqa9e2do", "fields": {"session_data": "e30:1srHrE:YSMdmpolrOlgverqqNSlq24Yo8c0JGRmOmzfjcsTSX0", "expire_date": "2024-10-03T14:10:08.455Z"}}, {"model": "sessions.session", "pk": "envtg8ph5zonzn80a71o3wwpohacttku", "fields": {"session_data": ".eJxVjDsOwjAQBe_iGllrZf1ZSnrOYHn9wQFkS3FSIe4OkVJA-2bmvYQP21r9NvLi5yTOQonT78YhPnLbQbqHdusy9rYuM8tdkQcd8tpTfl4O9--ghlG_NePEhghYO0xgQNMUFVGEBKBcLobJJo1okW02xQAAY3ERAciSyeL9AbqdNsI:1tkJqs:9NYjak0KIIYbgWm7hDym60uchTDeRtWvgr2b8-ucXCM", "expire_date": "2025-03-04T09:25:14.689Z"}}, {"model": "sessions.session", "pk": "epltoboyftttwge96me5t8a8p9d0tn41", "fields": {"session_data": "e30:1srHgj:MCfKSehm9YOIQ6xZBUjFRZzAeOtEIuRxkF-gk5zmuQM", "expire_date": "2024-10-03T13:59:17.558Z"}}, {"model": "sessions.session", "pk": "j1edkcxtszrjqhu7yton9hulbvid0ksm", "fields": {"session_data": "e30:1srHgU:KqOqYkh3w5ljV66IfkdTohYl892gK_OplN-RIbCyagU", "expire_date": "2024-10-03T13:59:02.558Z"}}, {"model": "sessions.session", "pk": "j29jnukawztlfp8u912qr8qknrckzaoa", "fields": {"session_data": ".eJxVjDsOwjAQBe_iGllrZf1ZSnrOYHn9wQFkS3FSIe4OkVJA-2bmvYQP21r9NvLi5yTOQonT78YhPnLbQbqHdusy9rYuM8tdkQcd8tpTfl4O9--ghlG_NePEhghYO0xgQNMUFVGEBKBcLobJJo1okW02xQAAY3ERAciSyeL9AbqdNsI:1tdCGF:MueS5RTLXcLTKbaPJ3G3FVqV58_k0NVhf7JAP7rCBgo", "expire_date": "2025-02-12T17:53:59.223Z"}}, {"model": "sessions.session", "pk": "mnf5bibv8y6hnzd1wdbwrjbj2k1wezde", "fields": {"session_data": ".eJxVjDsOwjAQBe_iGllrZf1ZSnrOYHn9wQFkS3FSIe4OkVJA-2bmvYQP21r9NvLi5yTOQonT78YhPnLbQbqHdusy9rYuM8tdkQcd8tpTfl4O9--ghlG_NePEhghYO0xgQNMUFVGEBKBcLobJJo1okW02xQAAY3ERAciSyeL9AbqdNsI:1t3uKn:YbQG-YXrnPWj7OAZVuVeH5wZ2nBNCJlgy5ONR5LuTdw", "expire_date": "2024-11-07T09:40:49.382Z"}}, {"model": "sessions.session", "pk": "owhw87vhaorh47gode26qff76bzze2vc", "fields": {"session_data": "e30:1srHvb:l4U3h6LTzrKhpVrQvcrJ8TUTDDPh5NnTy-wXvlr6c6A", "expire_date": "2024-10-03T14:14:39.402Z"}}, {"model": "sessions.session", "pk": "ws7uj8o3d2gdec86qbihgucnd3zjdm3f", "fields": {"session_data": ".eJxVjDsOwjAQBe_iGllrZf1ZSnrOYHn9wQFkS3FSIe4OkVJA-2bmvYQP21r9NvLi5yTOQonT78YhPnLbQbqHdusy9rYuM8tdkQcd8tpTfl4O9--ghlG_NePEhghYO0xgQNMUFVGEBKBcLobJJo1okW02xQAAY3ERAciSyeL9AbqdNsI:1tkJnG:UmCUmpoCLhqDgicjey5zjR2HVLkrkZ1-ypFwN-RDjUY", "expire_date": "2025-03-04T09:21:30.480Z"}}, {"model": "sessions.session", "pk": "xo15edir5c18twx0ff3dk99lhdzax9zy", "fields": {"session_data": ".eJxVjDsOwjAQBe_iGllrZf1ZSnrOYHn9wQFkS3FSIe4OkVJA-2bmvYQP21r9NvLi5yTOQonT78YhPnLbQbqHdusy9rYuM8tdkQcd8tpTfl4O9--ghlG_NePEhghYO0xgQNMUFVGEBKBcLobJJo1okW02xQAAY3ERAciSyeL9AbqdNsI:1sypqB:2afibjdZ5cHdZiKQ09dzpmQcd9ddlhruZRpe0m1hCTo", "expire_date": "2024-10-24T09:52:15.291Z"}}, {"model": "sessions.session", "pk": "zdgth6am924kee9dujbrvjz7u8d55qis", "fields": {"session_data": ".eJxVjDsOwjAQBe_iGllrZf1ZSnrOYHn9wQFkS3FSIe4OkVJA-2bmvYQP21r9NvLi5yTOQonT78YhPnLbQbqHdusy9rYuM8tdkQcd8tpTfl4O9--ghlG_NePEhghYO0xgQNMUFVGEBKBcLobJJo1okW02xQAAY3ERAciSyeL9AbqdNsI:1uKDNt:iJAer8HhJZkySQ_xHCHJfdL8FPnrs3vpc2crQNOlEgI", "expire_date": "2025-06-11T09:47:41.697Z"}}, {"model": "sites.site", "pk": 1, "fields": {"domain": "example.com", "name": "example.com"}}, {"model": "sites.site", "pk": 2, "fields": {"domain": "127.0.0.1:8000", "name": "Localhost"}}]
